date,global_people_fully_vaccinated_per_hundred,global_people_fully_vaccinated_per_hundred_weighted
2020-01-01,NULL,NULL
2020-01-02,NULL,NULL
2020-01-03,NULL,NULL
2020-01-04,NULL,NULL
2020-01-05,NULL,NULL
2020-01-06,NULL,NULL
2020-01-07,NULL,NULL
2020-01-08,NULL,NULL
2020-01-09,NULL,NULL
2020-01-10,NULL,NULL
2020-01-11,NULL,NULL
2020-01-12,NULL,NULL
2020-01-13,NULL,NULL
2020-01-14,NULL,NULL
2020-01-15,NULL,NULL
2020-01-16,NULL,NULL
2020-01-17,NULL,NULL
2020-01-18,NULL,NULL
2020-01-19,NULL,NULL
2020-01-20,NULL,NULL
2020-01-21,NULL,NULL
2020-01-22,NULL,NULL
2020-01-23,NULL,NULL
2020-01-24,NULL,NULL
2020-01-25,NULL,NULL
2020-01-26,NULL,NULL
2020-01-27,NULL,NULL
2020-01-28,NULL,NULL
2020-01-29,NULL,NULL
2020-01-30,NULL,NULL
2020-01-31,NULL,NULL
2020-02-01,NULL,NULL
2020-02-02,NULL,NULL
2020-02-03,NULL,NULL
2020-02-04,NULL,NULL
2020-02-05,NULL,NULL
2020-02-06,NULL,NULL
2020-02-07,NULL,NULL
2020-02-08,NULL,NULL
2020-02-09,NULL,NULL
2020-02-10,NULL,NULL
2020-02-11,NULL,NULL
2020-02-12,NULL,NULL
2020-02-13,NULL,NULL
2020-02-14,NULL,NULL
2020-02-15,NULL,NULL
2020-02-16,NULL,NULL
2020-02-17,NULL,NULL
2020-02-18,NULL,NULL
2020-02-19,NULL,NULL
2020-02-20,NULL,NULL
2020-02-21,NULL,NULL
2020-02-22,NULL,NULL
2020-02-23,NULL,NULL
2020-02-24,NULL,NULL
2020-02-25,NULL,NULL
2020-02-26,NULL,NULL
2020-02-27,NULL,NULL
2020-02-28,NULL,NULL
2020-02-29,NULL,NULL
2020-03-01,NULL,NULL
2020-03-02,NULL,NULL
2020-03-03,NULL,NULL
2020-03-04,NULL,NULL
2020-03-05,NULL,NULL
2020-03-06,NULL,NULL
2020-03-07,NULL,NULL
2020-03-08,NULL,NULL
2020-03-09,NULL,NULL
2020-03-10,NULL,NULL
2020-03-11,NULL,NULL
2020-03-12,NULL,NULL
2020-03-13,NULL,NULL
2020-03-14,NULL,NULL
2020-03-15,NULL,NULL
2020-03-16,NULL,NULL
2020-03-17,NULL,NULL
2020-03-18,NULL,NULL
2020-03-19,NULL,NULL
2020-03-20,NULL,NULL
2020-03-21,NULL,NULL
2020-03-22,NULL,NULL
2020-03-23,NULL,NULL
2020-03-24,NULL,NULL
2020-03-25,NULL,NULL
2020-03-26,NULL,NULL
2020-03-27,NULL,NULL
2020-03-28,NULL,NULL
2020-03-29,NULL,NULL
2020-03-30,NULL,NULL
2020-03-31,NULL,NULL
2020-04-01,NULL,NULL
2020-04-02,NULL,NULL
2020-04-03,NULL,NULL
2020-04-04,NULL,NULL
2020-04-05,NULL,NULL
2020-04-06,NULL,NULL
2020-04-07,NULL,NULL
2020-04-08,NULL,NULL
2020-04-09,NULL,NULL
2020-04-10,NULL,NULL
2020-04-11,NULL,NULL
2020-04-12,NULL,NULL
2020-04-13,NULL,NULL
2020-04-14,NULL,NULL
2020-04-15,NULL,NULL
2020-04-16,NULL,NULL
2020-04-17,NULL,NULL
2020-04-18,NULL,NULL
2020-04-19,NULL,NULL
2020-04-20,NULL,NULL
2020-04-21,NULL,NULL
2020-04-22,NULL,NULL
2020-04-23,NULL,NULL
2020-04-24,NULL,NULL
2020-04-25,NULL,NULL
2020-04-26,NULL,NULL
2020-04-27,NULL,NULL
2020-04-28,NULL,NULL
2020-04-29,NULL,NULL
2020-04-30,NULL,NULL
2020-05-01,NULL,NULL
2020-05-02,NULL,NULL
2020-05-03,NULL,NULL
2020-05-04,NULL,NULL
2020-05-05,NULL,NULL
2020-05-06,NULL,NULL
2020-05-07,NULL,NULL
2020-05-08,NULL,NULL
2020-05-09,NULL,NULL
2020-05-10,NULL,NULL
2020-05-11,NULL,NULL
2020-05-12,NULL,NULL
2020-05-13,NULL,NULL
2020-05-14,NULL,NULL
2020-05-15,NULL,NULL
2020-05-16,NULL,NULL
2020-05-17,NULL,NULL
2020-05-18,NULL,NULL
2020-05-19,NULL,NULL
2020-05-20,NULL,NULL
2020-05-21,NULL,NULL
2020-05-22,NULL,NULL
2020-05-23,NULL,NULL
2020-05-24,NULL,NULL
2020-05-25,NULL,NULL
2020-05-26,NULL,NULL
2020-05-27,NULL,NULL
2020-05-28,NULL,NULL
2020-05-29,NULL,NULL
2020-05-30,NULL,NULL
2020-05-31,NULL,NULL
2020-06-01,NULL,NULL
2020-06-02,NULL,NULL
2020-06-03,NULL,NULL
2020-06-04,NULL,NULL
2020-06-05,NULL,NULL
2020-06-06,NULL,NULL
2020-06-07,NULL,NULL
2020-06-08,NULL,NULL
2020-06-09,NULL,NULL
2020-06-10,NULL,NULL
2020-06-11,NULL,NULL
2020-06-12,NULL,NULL
2020-06-13,NULL,NULL
2020-06-14,NULL,NULL
2020-06-15,NULL,NULL
2020-06-16,NULL,NULL
2020-06-17,NULL,NULL
2020-06-18,NULL,NULL
2020-06-19,NULL,NULL
2020-06-20,NULL,NULL
2020-06-21,NULL,NULL
2020-06-22,NULL,NULL
2020-06-23,NULL,NULL
2020-06-24,NULL,NULL
2020-06-25,NULL,NULL
2020-06-26,NULL,NULL
2020-06-27,NULL,NULL
2020-06-28,NULL,NULL
2020-06-29,NULL,NULL
2020-06-30,NULL,NULL
2020-07-01,NULL,NULL
2020-07-02,NULL,NULL
2020-07-03,NULL,NULL
2020-07-04,NULL,NULL
2020-07-05,NULL,NULL
2020-07-06,NULL,NULL
2020-07-07,NULL,NULL
2020-07-08,NULL,NULL
2020-07-09,NULL,NULL
2020-07-10,NULL,NULL
2020-07-11,NULL,NULL
2020-07-12,NULL,NULL
2020-07-13,NULL,NULL
2020-07-14,NULL,NULL
2020-07-15,NULL,NULL
2020-07-16,NULL,NULL
2020-07-17,NULL,NULL
2020-07-18,NULL,NULL
2020-07-19,NULL,NULL
2020-07-20,NULL,NULL
2020-07-21,NULL,NULL
2020-07-22,NULL,NULL
2020-07-23,NULL,NULL
2020-07-24,NULL,NULL
2020-07-25,NULL,NULL
2020-07-26,NULL,NULL
2020-07-27,NULL,NULL
2020-07-28,NULL,NULL
2020-07-29,NULL,NULL
2020-07-30,NULL,NULL
2020-07-31,NULL,NULL
2020-08-01,NULL,NULL
2020-08-02,NULL,NULL
2020-08-03,NULL,NULL
2020-08-04,NULL,NULL
2020-08-05,NULL,NULL
2020-08-06,NULL,NULL
2020-08-07,NULL,NULL
2020-08-08,NULL,NULL
2020-08-09,NULL,NULL
2020-08-10,NULL,NULL
2020-08-11,NULL,NULL
2020-08-12,NULL,NULL
2020-08-13,NULL,NULL
2020-08-14,NULL,NULL
2020-08-15,NULL,NULL
2020-08-16,NULL,NULL
2020-08-17,NULL,NULL
2020-08-18,NULL,NULL
2020-08-19,NULL,NULL
2020-08-20,NULL,NULL
2020-08-21,NULL,NULL
2020-08-22,NULL,NULL
2020-08-23,NULL,NULL
2020-08-24,NULL,NULL
2020-08-25,NULL,NULL
2020-08-26,NULL,NULL
2020-08-27,NULL,NULL
2020-08-28,NULL,NULL
2020-08-29,NULL,NULL
2020-08-30,NULL,NULL
2020-08-31,NULL,NULL
2020-09-01,NULL,NULL
2020-09-02,NULL,NULL
2020-09-03,NULL,NULL
2020-09-04,NULL,NULL
2020-09-05,NULL,NULL
2020-09-06,NULL,NULL
2020-09-07,NULL,NULL
2020-09-08,NULL,NULL
2020-09-09,NULL,NULL
2020-09-10,NULL,NULL
2020-09-11,NULL,NULL
2020-09-12,NULL,NULL
2020-09-13,NULL,NULL
2020-09-14,NULL,NULL
2020-09-15,NULL,NULL
2020-09-16,NULL,NULL
2020-09-17,NULL,NULL
2020-09-18,NULL,NULL
2020-09-19,NULL,NULL
2020-09-20,NULL,NULL
2020-09-21,NULL,NULL
2020-09-22,NULL,NULL
2020-09-23,NULL,NULL
2020-09-24,NULL,NULL
2020-09-25,NULL,NULL
2020-09-26,NULL,NULL
2020-09-27,NULL,NULL
2020-09-28,NULL,NULL
2020-09-29,NULL,NULL
2020-09-30,NULL,NULL
2020-10-01,NULL,NULL
2020-10-02,NULL,NULL
2020-10-03,NULL,NULL
2020-10-04,NULL,NULL
2020-10-05,NULL,NULL
2020-10-06,NULL,NULL
2020-10-07,NULL,NULL
2020-10-08,NULL,NULL
2020-10-09,NULL,NULL
2020-10-10,NULL,NULL
2020-10-11,NULL,NULL
2020-10-12,NULL,NULL
2020-10-13,NULL,NULL
2020-10-14,NULL,NULL
2020-10-15,NULL,NULL
2020-10-16,NULL,NULL
2020-10-17,NULL,NULL
2020-10-18,NULL,NULL
2020-10-19,NULL,NULL
2020-10-20,NULL,NULL
2020-10-21,NULL,NULL
2020-10-22,NULL,NULL
2020-10-23,NULL,NULL
2020-10-24,NULL,NULL
2020-10-25,NULL,NULL
2020-10-26,NULL,NULL
2020-10-27,NULL,NULL
2020-10-28,NULL,NULL
2020-10-29,NULL,NULL
2020-10-30,NULL,NULL
2020-10-31,NULL,NULL
2020-11-01,NULL,NULL
2020-11-02,NULL,NULL
2020-11-03,NULL,NULL
2020-11-04,NULL,NULL
2020-11-05,NULL,NULL
2020-11-06,NULL,NULL
2020-11-07,NULL,NULL
2020-11-08,NULL,NULL
2020-11-09,NULL,NULL
2020-11-10,NULL,NULL
2020-11-11,NULL,NULL
2020-11-12,NULL,NULL
2020-11-13,NULL,NULL
2020-11-14,NULL,NULL
2020-11-15,NULL,NULL
2020-11-16,NULL,NULL
2020-11-17,NULL,NULL
2020-11-18,NULL,NULL
2020-11-19,NULL,NULL
2020-11-20,NULL,NULL
2020-11-21,NULL,NULL
2020-11-22,NULL,NULL
2020-11-23,NULL,NULL
2020-11-24,NULL,NULL
2020-11-25,NULL,NULL
2020-11-26,NULL,NULL
2020-11-27,NULL,NULL
2020-11-28,NULL,NULL
2020-11-29,NULL,NULL
2020-11-30,NULL,NULL
2020-12-01,NULL,NULL
2020-12-02,0,0
2020-12-03,NULL,NULL
2020-12-04,0,0
2020-12-05,NULL,NULL
2020-12-06,NULL,NULL
2020-12-07,0,0
2020-12-08,0,0
2020-12-09,0,0
2020-12-10,0,0
2020-12-11,0,0
2020-12-12,0,0
2020-12-13,0.0028310502,0.000120548475425644
2020-12-14,0.00143953435,0.000122593149121973
2020-12-15,0.0007437765,0.000126682496514631
2020-12-16,0.000781693675,0.000133140673189622
2020-12-17,0.000842156175,0.000143438846806499
2020-12-18,0.00075137456,0.000159970781692672
2020-12-19,0.0010350412175,0.000174470510405054
2020-12-20,0.000876227374,0.000184731281454315
2020-12-21,0.000974255634,0.000205601914183918
2020-12-22,0.00115138575564,0.000243216429682849
2020-12-23,0.00134264045564,0.00028393535829389
2020-12-24,0.00117976871303333,0.000299494826422053
2020-12-25,0.00142380363564,0.000301215344532378
2020-12-26,0.00106175862545714,0.000314555593648672
2020-12-27,0.000624122816015385,0.000324716624517624
2020-12-28,0.000676577708786667,0.00038079554089621
2020-12-29,0.0008029023289125,0.000449778343102238
2020-12-30,0.00109415802075,0.000546227097460785
2020-12-31,0.00136537401944667,0.000590748620446096
2021-01-01,0.00118283493637333,0.000706596839874691
2021-01-02,0.00173910444614286,0.000746393171817876
2021-01-03,0.00140053072755556,0.000778796262895676
2021-01-04,0.00250522701682353,0.00134921035408133
2021-01-05,0.0040829196915,0.00245443129208242
2021-01-06,0.00679222033794737,0.00464240669247005
2021-01-07,0.0128142129353529,0.00819843087349482
2021-01-08,0.0152947462086818,0.0128068885020923
2021-01-09,0.0209499017031111,0.0144417048624877
2021-01-10,0.151260413409783,0.0233851948828887
2021-01-11,0.0726099316706316,0.0248466129398174
2021-01-12,0.0903497326838095,0.0294711287374446
2021-01-13,0.1325915294682,0.0338220198179173
2021-01-14,0.184168739459684,0.0365660841260937
2021-01-15,0.142846084055714,0.0387364429171343
2021-01-16,0.17153266192672,0.0400110974864349
2021-01-17,0.2137405865988,0.0418852528770036
2021-01-18,0.243741486778276,0.0468877465554333
2021-01-19,0.31943094127931,0.0541543547943937
2021-01-20,0.369221506425,0.0628679561667057
2021-01-21,0.483613062593103,0.0701678277557991
2021-01-22,0.453411681620371,0.0756244384751745
2021-01-23,0.503590345428125,0.0777987619383823
2021-01-24,0.601612214083871,0.0826800837652594
2021-01-25,0.606655374810811,0.0935216792870259
2021-01-26,0.6825014486,0.10574438955305
2021-01-27,0.760260109861111,0.118655244725591
2021-01-28,0.938692168864516,0.131237393666403
2021-01-29,0.935178706786486,0.141399334664501
2021-01-30,1.09668174586667,0.145431830154383
2021-01-31,1.05105460838235,0.154073768207143
2021-02-01,1.15231455817143,0.16622808164452
2021-02-02,1.18035070921808,0.18043956123581
2021-02-03,1.41761423876433,0.198486013357404
2021-02-04,1.70998634042351,0.217475022650437
2021-02-05,1.68597118050425,0.230869430684638
2021-02-06,1.91128784658568,0.234696498805652
2021-02-07,2.05375945782857,0.249289197833604
2021-02-08,1.92468588574175,0.257556262418674
2021-02-09,2.19477012940476,0.280421673819406
2021-02-10,2.32200204625952,0.295489796884323
2021-02-11,2.37136484435,0.323648494459175
2021-02-12,2.5627829767561,0.340750693826263
2021-02-13,2.88362345498649,0.347852631027534
2021-02-14,3.01889495189189,0.369394776988588
2021-02-15,2.68446835507907,0.383344675489495
2021-02-16,2.85791882711628,0.403215674729476
2021-02-17,3.09102832306667,0.427733132606752
2021-02-18,3.0619287024,0.451621242413803
2021-02-19,3.43578526030435,0.47000496595511
2021-02-20,3.20121490364619,0.483191827141611
2021-02-21,3.28636181933186,0.50209300273836
2021-02-22,2.61579159221485,0.517438789997734
2021-02-23,3.45959528430795,0.570783778163967
2021-02-24,3.06821066438479,0.582208255299458
2021-02-25,3.22601244743742,0.601345441097862
2021-02-26,2.93333111268757,0.642169346248678
2021-02-27,3.50209312235796,0.635283720563452
2021-02-28,3.12371288125796,0.671294376560451
2021-03-01,3.03586395124273,0.680072522296946
2021-03-02,2.9194211931076,0.712909620301837
2021-03-03,3.75013798674882,0.75922236471779
2021-03-04,3.82202388514859,0.77405078719438
2021-03-05,3.56494939553425,0.807634714734378
2021-03-06,3.8333860316963,0.821187348097116
2021-03-07,3.95068405743247,0.82945595865498
2021-03-08,3.90984771146219,0.873476511649646
2021-03-09,3.61560009316449,0.901140385722464
2021-03-10,3.89829671856492,0.936600500859204
2021-03-11,4.22369630047373,0.983913950971718
2021-03-12,4.11135547769603,1.0076462541496
2021-03-13,3.99507694255181,1.01860528126616
2021-03-14,4.15879582053716,1.01143810151945
2021-03-15,4.35257061914816,1.086896248179
2021-03-16,4.43060042112753,1.11521504121077
2021-03-17,4.01675370031136,1.19470150674016
2021-03-18,5.09446895537328,1.20578389999223
2021-03-19,4.74056707901764,1.26265379340324
2021-03-20,4.99650635564413,1.27278400455647
2021-03-21,4.79700611683494,1.2564326243317
2021-03-22,5.03498265830339,1.30547836189582
2021-03-23,4.9453906493158,1.33027054163223
2021-03-24,5.13471976570328,1.3870028434645
2021-03-25,5.10223107678269,1.39594675738067
2021-03-26,4.97184690912855,1.5023499557597
2021-03-27,5.81893519319876,1.43764254131765
2021-03-28,4.32626825856655,1.3545561659279
2021-03-29,5.54185319595901,1.5630869006365
2021-03-30,5.7040285121313,1.64230461625004
2021-03-31,5.47578844581255,1.70595478478082
2021-04-01,6.45526351877579,1.75531292105718
2021-04-02,5.31193360136946,1.79599005853268
2021-04-03,4.80293026023313,1.79360143082455
2021-04-04,5.4858645655899,1.76654322899666
2021-04-05,4.77245805488193,1.88994529591598
2021-04-06,5.42755738511791,1.92033743794592
2021-04-07,6.71662052302748,2.01618891070221
2021-04-08,5.39329574713991,2.06793316871467
2021-04-09,6.68041727583098,2.1559433552481
2021-04-10,7.50936349936484,2.15575949669323
2021-04-11,6.79380187019476,2.15554892023755
2021-04-12,5.87107605466214,2.21679924028992
2021-04-13,7.32905930142756,2.31334950521697
2021-04-14,6.01200543476666,2.36157305953976
2021-04-15,7.37686954525473,2.42332820204724
2021-04-16,6.71882297983498,2.49614150094298
2021-04-17,6.66581492455343,2.48117139754026
2021-04-18,7.73958372766621,2.4815092923361
2021-04-19,6.95975574230292,2.62509314889725
2021-04-20,7.03259733999108,2.52669686777799
2021-04-21,8.13771383159309,2.75541848095234
2021-04-22,7.94809933857215,2.85502964733784
2021-04-23,7.5397844205565,2.6944253409549
2021-04-24,6.91921580571094,2.5698748655995
2021-04-25,7.4061570127621,2.95507847363454
2021-04-26,9.4972119235714,3.03936570832769
2021-04-27,8.04398206403738,3.0725079988168
2021-04-28,7.83749379138413,3.24772010239749
2021-04-29,9.50444300915024,3.28221407181015
2021-04-30,9.38241731826519,3.33900553203686
2021-05-01,8.72979823985343,3.37273202569709
2021-05-02,9.94864685235343,3.40801393006666
2021-05-03,9.31610440783654,3.41265176117836
2021-05-04,9.30771407575138,3.57190223175637
2021-05-05,11.0360428678464,3.70437616677567
2021-05-06,10.73206133649,3.72217240818743
2021-05-07,11.0715930061552,3.84307402618898
2021-05-08,9.84720823112838,3.83788459447761
2021-05-09,9.53011495800658,3.78548081699038
2021-05-10,9.88129964880649,3.87798050851988
2021-05-11,8.92813546660869,4.08573698514378
2021-05-12,10.0314467848351,4.1399175217355
2021-05-13,11.9851917136579,4.16044301603867
2021-05-14,11.0700044988691,4.08368350937654
2021-05-15,11.32216543872,4.11392144062019
2021-05-16,11.0612761816914,4.36734333542232
2021-05-17,11.1466795901348,4.45282962162809
2021-05-18,10.9986849586036,4.42722176669711
2021-05-19,13.1552196236364,4.53634642576596
2021-05-20,11.304899182561,4.6607798186172
2021-05-21,10.5958027601036,4.15054856573664
2021-05-22,12.8221386251707,4.67045307013435
2021-05-23,12.7213542418275,4.73162919596009
2021-05-24,12.0632097351717,4.92120179096146
2021-05-25,13.2592976691026,4.95192599298669
2021-05-26,12.5320513311657,4.87744234529132
2021-05-27,14.8343738716495,4.84000691328613
2021-05-28,16.2618752980323,4.91210249431189
2021-05-29,13.9710802112143,4.94960533821145
2021-05-30,14.9998259844458,5.14574692122812
2021-05-31,12.6689487651295,5.23046423557876
2021-06-01,14.1576761856396,5.32917074606134
2021-06-02,15.615182421524,5.37020214818977
2021-06-03,15.9998468846489,5.47149181713464
2021-06-04,15.8063937146309,5.29953025849773
2021-06-05,15.6287516756588,5.48875926104546
2021-06-06,15.2346492922128,5.40703635885557
2021-06-07,16.1636936335343,5.66685485323888
2021-06-08,13.4343747542462,5.75500746874979
2021-06-09,15.8655460942812,5.81649160471985
2021-06-10,14.3305740472596,5.85159095962441
2021-06-11,16.1182762191939,5.83781068176764
2021-06-12,17.3873723439286,5.88024794667257
2021-06-13,16.4817789237209,6.02472470226288
2021-06-14,14.6955949691355,6.17793228934165
2021-06-15,15.5610569111835,6.09210969171541
2021-06-16,17.434410848087,6.31473362662897
2021-06-17,18.6037561784615,6.42758376844518
2021-06-18,19.0482864463043,6.30124101191973
2021-06-19,17.6444948083553,6.27307610551865
2021-06-20,17.1512623436176,6.6077445932796
2021-06-21,18.7223388727129,6.67275742462128
2021-06-22,19.9153858810112,6.63989854585451
2021-06-23,18.6368854530208,6.82912635152007
2021-06-24,19.4670978561078,6.923537463865
2021-06-25,20.4852674985417,6.74080993769804
2021-06-26,18.6892620704935,6.79264229122476
2021-06-27,19.7674096390909,7.09319279265025
2021-06-28,18.251324105875,7.294541623468
2021-06-29,20.4832337496275,7.25860042403907
2021-06-30,20.260330637449,7.41527378290321
2021-07-01,22.7025956105814,7.4055602862233
2021-07-02,24.4409729370707,7.44169836030065
2021-07-03,21.4354841263158,7.13861323647811
2021-07-04,22.1080226978889,7.84810441171014
2021-07-05,19.2036562215963,8.01314366521051
2021-07-06,22.2773516141414,7.86766018211025
2021-07-07,22.7712897685743,8.15844615728608
2021-07-08,24.1718251095745,8.15738990877661
2021-07-09,23.9191299897822,7.18078609016503
2021-07-10,24.4028366837179,7.90220772446726
2021-07-11,23.5015020113333,8.58649330938301
2021-07-12,21.4451823305981,8.69689377003323
2021-07-13,23.2793575916204,8.71075819119962
2021-07-14,27.7298922294737,8.78571979383903
2021-07-15,27.6326917987234,8.95650575237321
2021-07-16,26.3918771329348,8.46534938508092
2021-07-17,25.3617185194805,8.66621056122211
2021-07-18,25.7653123217242,8.01608774598277
2021-07-19,24.649656750819,9.16679332308528
2021-07-20,27.1461664160825,9.26296013688914
2021-07-21,27.7381547321598,9.18574706175705
2021-07-22,27.8693353410613,9.57156973215623
2021-07-23,30.124317859798,9.45843755004514
2021-07-24,24.3046043687229,8.96973793300413
2021-07-25,26.2472798954348,9.98904552228242
2021-07-26,26.422653555949,10.2898034458804
2021-07-27,26.904846212384,10.1524670897984
2021-07-28,29.460475179674,10.3094313907685
2021-07-29,27.3623379889968,10.5181084692566
2021-07-30,30.7578343308448,10.2160711035607
2021-07-31,29.1957980992857,8.94389939150362
2021-08-01,28.9107846697802,10.740155095539
2021-08-02,28.31284666294,9.66456137965757
2021-08-03,26.2479743313991,11.1392329242132
2021-08-04,30.0595627704074,10.8480318678095
2021-08-05,29.1901540079667,11.3428688223005
2021-08-06,32.3944104072495,10.6437001198867
2021-08-07,31.3945038349398,10.5696674349491
2021-08-08,30.6052875889655,11.4606025550327
2021-08-09,27.3237198242573,11.7433081543059
2021-08-10,30.4331259246543,11.8609092325983
2021-08-11,33.2117452776735,12.0372471160617
2021-08-12,30.3571765133674,20.2780843350055
2021-08-13,33.5390064257969,11.7789182038687
2021-08-14,33.0463522831169,11.4466595136691
2021-08-15,32.9187855152174,11.1296398388659
2021-08-16,28.4942424239607,12.4641723532079
2021-08-17,33.9787439276596,12.5456326270355
2021-08-18,33.326164707375,12.9202391900034
2021-08-19,33.0211060557732,12.6743334159688
2021-08-20,33.4401541723036,12.8841740509329
2021-08-21,34.2077807556173,12.5418966216991
2021-08-22,33.6000695965263,13.2762223537767
2021-08-23,31.1003006141825,13.0686849813939
2021-08-24,36.1069121094737,13.5125927296908
2021-08-25,31.3127834156286,13.2427220459103
2021-08-26,38.0969582149,24.3956674371252
2021-08-27,34.4817899255347,13.4093726269586
2021-08-28,34.7135618124097,12.9973494579446
2021-08-29,35.5805478765306,14.3056398321464
2021-08-30,35.0175979845979,13.7831749474501
2021-08-31,34.3483632287798,14.3708493760587
2021-09-01,36.1775564308911,14.3994426790018
2021-09-02,38.6193793252874,14.2275342943485
2021-09-03,38.7398256979798,13.6959586678169
2021-09-04,37.18519587625,13.9700839809363
2021-09-05,35.3052696149362,15.0918371281091
2021-09-06,37.354734633268,26.9733978891959
2021-09-07,36.955574122,14.6705609254251
2021-09-08,40.0782359482022,14.673689550466
2021-09-09,37.09377140205,15.609115585767
2021-09-10,38.5388932272222,15.4203061527553
2021-09-11,39.708064668241,14.6274051696638
2021-09-12,37.4667684608172,16.1736989532844
2021-09-13,37.6997988165591,15.6704000044935
2021-09-14,38.2304124427723,16.3866534766778
2021-09-15,39.2222014354082,28.6873250811341
2021-09-16,41.3153009147369,16.1848979428073
2021-09-17,41.2929844221111,15.6493828783741
2021-09-18,42.3680228614286,27.501880211178
2021-09-19,38.0600004808333,17.1985329963434
2021-09-20,37.4637274216304,16.3161321821905
2021-09-21,40.4664397574,16.6512513334887
2021-09-22,36.756315171982,17.2926319219239
2021-09-23,40.4586739648889,16.4103098277084
2021-09-24,42.1057532484848,16.2486685974759
2021-09-25,41.23220234425,16.4932856286407
2021-09-26,40.0470422254839,17.0602818731976
2021-09-27,38.7105019840206,18.0856915916423
2021-09-28,40.9198114863636,30.7918234986509
2021-09-29,39.6662712939175,16.9340196319327
2021-09-30,38.9750082117526,17.5712501686081
2021-10-01,43.0996486547423,16.6298783593409
2021-10-02,41.2800248757143,16.7679249777144
2021-10-03,44.7281388795181,17.5199523975128
2021-10-04,43.8559316511905,18.4373326539385
2021-10-05,42.8382646816326,17.9625125811687
2021-10-06,41.0864032149484,18.4442962889122
2021-10-07,40.0979325141489,18.7396291820254
2021-10-08,43.0695835337255,18.1840697325162
2021-10-09,43.7062962175,17.8354812184384
2021-10-10,44.4766973140425,18.6202718786381
2021-10-11,43.0872580286207,18.8758608408054
2021-10-12,42.243943789902,19.6427814518599
2021-10-13,45.7518802690322,19.058585449572
2021-10-14,41.8348963051485,19.3983593379424
2021-10-15,44.3842647470707,18.223346679938
2021-10-16,46.4786092823529,17.0548871138576
2021-10-17,44.1588556630526,19.970261639891
2021-10-18,45.1420006218,19.430457760172
2021-10-19,44.7567511490722,19.6594922582919
2021-10-20,47.0342099365517,19.4642661155852
2021-10-21,43.5328194622449,19.9450563238602
2021-10-22,46.7605179098901,18.5886554009599
2021-10-23,45.5071605292771,33.2570951145677
2021-10-24,46.5186722564835,19.9489607529585
2021-10-25,46.0851468129583,20.1865712359371
2021-10-26,47.5408305544444,20.3530984134473
2021-10-27,47.310249032561,18.705475289225
2021-10-28,45.1154121761225,20.3986113413573
2021-10-29,46.07837355216,33.5637197431039
2021-10-30,50.4387687171053,19.9864668758165
2021-10-31,43.4718260412631,21.1769643713592
2021-11-01,44.8328100993548,21.1161378972031
2021-11-02,48.488674108046,21.8051719001555
2021-11-03,46.2925019866489,21.6138791111994
2021-11-04,43.5942773394737,21.9477922416398
2021-11-05,49.0656043103125,33.5512850475522
2021-11-06,48.3441590495,19.7024141108629
2021-11-07,47.6360352830952,22.0222253210637
2021-11-08,47.6515323628125,21.5914481555565
2021-11-09,48.3673156522011,21.8002323924009
2021-11-10,44.2575024683569,22.4410823506094
2021-11-11,46.2870049729958,22.8586496024809
2021-11-12,50.7576749352457,34.5434655644081
2021-11-13,50.418462584,20.9010005474962
2021-11-14,49.189752204,23.3413272315905
2021-11-15,47.2445396859525,23.0399725624937
2021-11-16,52.1839260303182,22.7586911283201
2021-11-17,52.2292390835294,23.3727222361984
2021-11-18,47.6804223175464,23.8348143149487
2021-11-19,51.2110766881721,34.8393142015261
2021-11-20,52.5128316333333,22.0847670520357
2021-11-21,50.2667413977083,23.4371254804931
2021-11-22,46.8873365061,23.6250307563028
2021-11-23,51.9692538347555,22.6612205108792
2021-11-24,45.8929800636735,24.2376325998648
2021-11-25,50.3355978667523,23.0214048681899
2021-11-26,52.2540391762558,22.5233023329229
2021-11-27,54.5682217747369,23.5352173670495
2021-11-28,49.752772279,26.1852618560759
2021-11-29,49.5851251902549,39.3075187220787
2021-11-30,51.1543908622449,24.1187175818396
2021-12-01,53.1611379598539,25.2469590396893
2021-12-02,50.2236804282609,25.5551631412534
2021-12-03,53.6450506393617,36.9584771684032
2021-12-04,53.2310473631579,22.9678445285068
2021-12-05,51.5565954760055,26.080140655637
2021-12-06,49.22544176,25.6408993140134
2021-12-07,53.26911068,23.4155506322204
2021-12-08,52.0631917132653,26.3639303932676
2021-12-09,50.926256695875,26.2366410400934
2021-12-10,54.5954526448421,38.7685509144211
2021-12-11,53.9954384128205,24.347467708238
2021-12-12,50.138919552798,27.17277545509
2021-12-13,51.9524302114583,26.3180261846302
2021-12-14,52.8543740441778,26.2204023662724
2021-12-15,50.8844964399684,26.5407793578824
2021-12-16,52.3999705976744,25.9675586652955
2021-12-17,56.4508303388889,39.0833104892061
2021-12-18,56.4950739942857,23.8669011922524
2021-12-19,53.6859656089888,42.8921393603297
2021-12-20,51.1500087683673,27.0047448564395
2021-12-21,54.1720239050633,25.2620558006535
2021-12-22,54.0267967504651,25.9874138307819
2021-12-23,51.3047899266316,22.3785505437854
2021-12-24,55.0892165025641,24.9585420932762
2021-12-25,56.5848781383333,36.6473208323072
2021-12-26,53.8933912822785,23.9694614762892
2021-12-27,55.0806302987805,26.1431805638745
2021-12-28,52.7265847856989,42.6763405836171
2021-12-29,54.978176668,25.0130800737391
2021-12-30,55.4507651012346,27.4814956497496
2021-12-31,55.7785294220779,25.1090868668912
2022-01-01,54.4229852364179,25.3008581967649
2022-01-02,56.4224261037975,26.1465234432902
2022-01-03,55.6832988692308,27.5612391457236
2022-01-04,55.2062456180851,27.8265472523584
2022-01-05,54.7243832042222,27.0951651148198
2022-01-06,56.5018012297619,41.8274187329319
2022-01-07,55.8307090933333,39.7382568019028
2022-01-08,54.7846763986667,24.754027022902
2022-01-09,56.4800109788235,28.7317935922136
2022-01-10,55.4599448232558,28.9016105125585
2022-01-11,56.4620083522222,28.7078467603754
2022-01-12,56.3954689170454,29.0143310420104
2022-01-13,56.9306255321839,30.261026045006
2022-01-14,56.9895702430107,43.9024029464209
2022-01-15,56.786226424,27.9751269823435
2022-01-16,54.7616146617021,30.1951452621478
2022-01-17,55.3126839780682,30.1107231163933
2022-01-18,54.7172558641509,31.476590529417
2022-01-19,58.7635997788889,30.1869240032405
2022-01-20,58.2302631757143,29.6861323979073
2022-01-21,54.808449453,43.6642766321649
2022-01-22,57.8655296842105,27.852647462222
2022-01-23,55.2277808319149,29.9447545462304
2022-01-24,55.6546225213483,30.5278126626712
2022-01-25,58.9587300681818,29.3971453490911
2022-01-26,57.2440419795455,30.7580922797996
2022-01-27,57.7565880656818,29.0529697644858
2022-01-28,60.1362604010417,43.8656521933509
2022-01-29,57.65404663125,27.4471162194665
2022-01-30,57.4372638855556,30.1116274730756
2022-01-31,53.91252454375,30.444976086563
2022-02-01,58.4386976333333,31.1429765821149
2022-02-02,55.9174157974194,31.4381644280709
2022-02-03,58.6499723950617,30.1309675802709
2022-02-04,57.8391043468085,32.0301315992348
2022-02-05,57.6832976452055,27.9249910098035
2022-02-06,56.6467556902174,31.9302740621364
2022-02-07,56.4505249842105,47.3430767860621
2022-02-08,59.647770772093,31.0391665660863
2022-02-09,55.2072081204211,31.7325706725714
2022-02-10,59.6976400609756,31.1165117470872
2022-02-11,59.5383241979167,31.4578877744414
2022-02-12,57.2015469039474,30.7495928081269
2022-02-13,58.1091932061224,33.5820603788873
2022-02-14,57.3543996319588,32.5297979732564
2022-02-15,58.5519513157303,30.674449241996
2022-02-16,58.04585055,31.6274166451456
2022-02-17,61.4116511367533,30.3579129579767
2022-02-18,58.8055018290322,45.075570037064
2022-02-19,57.8945643693333,29.9147462667519
2022-02-20,55.9981041159575,30.4409012139641
2022-02-21,56.0373685903226,31.8227027441682
2022-02-22,57.6238459,30.1474875962055
2022-02-23,59.6156068823529,31.0673090932844
2022-02-24,63.2325917792208,29.7836859493081
2022-02-25,58.207962361134,45.1301774242248
2022-02-26,55.9573809418919,28.8691062849378
2022-02-27,57.8340716367816,31.1806232513545
2022-02-28,58.4255297377778,32.7706462219681
2022-03-01,59.6321668337349,32.2391805839203
2022-03-02,60.8234867025316,29.6630250168292
2022-03-03,62.2439603043478,29.8212140399408
2022-03-04,59.3600536402469,29.9817920647862
2022-03-05,59.3366643787879,31.1118354412009
2022-03-06,57.7024324011236,32.6531189763441
2022-03-07,58.7930161793103,32.2778245053527
2022-03-08,60.5773883525641,32.5199040590578
2022-03-09,56.8407860937931,33.860187916352
2022-03-10,59.3661774,33.1123867124087
2022-03-11,59.4440340022988,29.3778633904209
2022-03-12,62.9447845454546,31.6362518422652
2022-03-13,57.7000664626667,30.1206481619956
2022-03-14,57.9084301678571,46.8250292318739
2022-03-15,59.8089234342105,32.8303080674413
2022-03-16,59.9944330762195,31.8880046973575
2022-03-17,60.2674559910256,45.9782718553092
2022-03-18,59.4090718886813,48.0803044212832
2022-03-19,60.6505165873016,31.1574109311391
2022-03-20,60.0452065789474,32.7197840162402
2022-03-21,59.6903294632184,48.043859708489
2022-03-22,60.253772345679,32.8450923299531
2022-03-23,58.2860613275862,31.6964718337874
2022-03-24,60.4530267115385,46.8687708863893
2022-03-25,59.9904629462365,31.993698680717
2022-03-26,62.7855354328358,32.0777289847056
2022-03-27,60.1912550166667,33.9651394587442
2022-03-28,62.6169554273973,32.398657689123
2022-03-29,61.17860708375,34.3913587099592
2022-03-30,60.0529325093334,31.6670142697145
2022-03-31,58.4868911909091,48.0501665543754
2022-04-01,64.3709176507936,24.7868791567391
2022-04-02,68.8082180487805,14.658730942119
2022-04-03,61.2192003637143,19.8019356357613
2022-04-04,61.0723372674418,31.1336476212327
2022-04-05,63.7352946623377,49.0112144207002
2022-04-06,61.4323125864865,32.8316699572658
2022-04-07,61.1728526527778,31.7685029078516
2022-04-08,60.0216307409638,31.4421965744701
2022-04-09,61.5937422428571,30.4750314434066
2022-04-10,59.6442159358974,31.4612216897084
2022-04-11,62.7842867975309,49.6397342983386
2022-04-12,62.8194218823529,32.0244924016479
2022-04-13,62.1179078235294,33.146448744503
2022-04-14,61.5272458,31.4369162295844
2022-04-15,65.0093994661017,27.1542455872495
2022-04-16,70.63901641,14.5706272616341
2022-04-17,63.141585203125,22.5535622568763
2022-04-18,61.3239276835443,50.6608990747092
2022-04-19,61.6495047358209,33.6115203741272
2022-04-20,63.2654780746269,33.5185151592904
2022-04-21,64.4543057384615,31.6356278178271
2022-04-22,60.6329479381579,28.7070985095427
2022-04-23,65.0180470701754,21.0777659298399
2022-04-24,64.0565698462686,29.709649386971
2022-04-25,63.9548425428571,32.9964496494145
2022-04-26,50.452806215,34.856707006376
2022-04-27,64.5318457761194,46.7853457060746
2022-04-28,65.2194482380953,48.4480186510387
2022-04-29,60.6058143111111,32.4948875885909
2022-04-30,64.1919578448276,30.2984504307863
2022-05-01,53.9869346254321,30.2162174448468
2022-05-02,63.7984341076923,30.6311369190867
2022-05-03,63.5181885625,30.3098273193882
2022-05-04,65.7819460327869,28.7606840086862
2022-05-05,65.5163386796875,45.1010920281672
2022-05-06,62.6527397901235,33.3325787697784
2022-05-07,64.0472547719298,31.2629808626493
2022-05-08,53.0047180303409,31.7487036841389
2022-05-09,66.60238459375,30.3125695759056
2022-05-10,64.6462683970588,33.4275087679439
2022-05-11,65.4544690806452,33.1363255276299
2022-05-12,67.4182142982456,46.2955190748662
2022-05-13,61.8540111282051,31.6490473229842
2022-05-14,64.0139978017544,30.5653609382229
2022-05-15,56.397905025,33.2418509874871
2022-05-16,65.2198902586207,31.9304984526071
2022-05-17,65.618215,28.601581963964
2022-05-18,64.8855263984375,34.3953232699188
2022-05-19,64.7942952758621,31.1229072370589
2022-05-20,63.7823565476191,33.7841638937794
2022-05-21,63.4904264736842,32.0598021335278
2022-05-22,50.288476356383,46.6446437048807
2022-05-23,62.7943380057143,30.0952050030374
2022-05-24,64.4739832769231,32.4023744944747
2022-05-25,65.3912524253968,31.1526663530994
2022-05-26,65.019933531746,47.7757653349822
2022-05-27,64.6785566714286,32.388116860115
2022-05-28,65.6095038947368,32.6900177812442
2022-05-29,61.9782566893333,32.4747421417773
2022-05-30,65.445742171875,30.8452697605027
2022-05-31,65.454590859375,32.1296111584524
2022-06-01,65.7765722205882,47.9213252813982
2022-06-02,65.3563133275862,27.1221815629147
2022-06-03,63.5022152233766,32.4155905421315
2022-06-04,67.450945,45.5785090983493
2022-06-05,51.7634494467777,30.7585603604658
2022-06-06,66.4189150666667,29.2888343828807
2022-06-07,63.6660676140625,31.3124845198487
2022-06-08,64.2337578382353,31.8345982069026
2022-06-09,67.7846864181818,26.7170270512877
2022-06-10,64.1514802717949,29.303568912445
2022-06-11,67.9192751632653,28.6479478324935
2022-06-12,67.1986660847457,31.3171669472885
2022-06-13,64.8691686516129,30.1977008673853
2022-06-14,65.2879902258065,28.4709481479988
2022-06-15,64.4861586811594,30.9768389648139
2022-06-16,67.8318433103448,45.5468137386559
2022-06-17,64.9742470081081,31.7338490175273
2022-06-18,66.3209449218182,31.5056569249702
2022-06-19,51.6724462148315,31.9801830260261
2022-06-20,66.1676395409836,28.2032875445361
2022-06-21,64.6693158181818,33.0457339654899
2022-06-22,64.1491616923077,30.8624377011161
2022-06-23,66.4622071864407,44.5332435661072
2022-06-24,63.3997660833333,30.9557963800135
2022-06-25,66.983434882353,27.8505617953116
2022-06-26,57.5020022435069,28.1417347997895
2022-06-27,64.2920180634921,46.6877422347136
2022-06-28,62.7906022131148,27.4295804495356
2022-06-29,65.6664885,29.7630450680838
2022-06-30,64.2569869,28.2024693010319
2022-07-01,65.8932934666667,27.7218483019728
2022-07-02,68.0520314680851,28.9584587124802
2022-07-03,60.2488936376812,28.5822053144602
2022-07-04,66.7169456017241,30.4691549639307
2022-07-05,67.1840594259259,29.6754089944992
2022-07-06,68.6574342156863,27.5876560057246
2022-07-07,65.9571210535715,43.6571230170827
2022-07-08,65.1830274352941,27.1456857603002
2022-07-09,69.0824444318182,16.0249318239681
2022-07-10,57.315054931948,28.691128598105
2022-07-11,65.7391374203704,27.4941833113336
2022-07-12,69.0995651666667,26.0810743858025
2022-07-13,67.7059430363636,29.8768763914563
2022-07-14,66.6079008235294,28.6102872619663
2022-07-15,65.5177520623188,27.7905284675367
2022-07-16,69.1766533636364,17.8249449400761
2022-07-17,55.7736056412676,17.1540430535926
2022-07-18,65.0025002122807,27.1165449461049
2022-07-19,61.2973857941176,31.6650462463468
2022-07-20,68.7262830196078,42.0946215040319
2022-07-21,69.4445186923077,28.5111158126333
2022-07-22,67.1138852698413,42.934893774073
2022-07-23,67.9552201739131,25.4634445524784
2022-07-24,55.7550720717391,28.8107706721746
2022-07-25,66.3666415096154,26.6783997365954
2022-07-26,66.5030082321429,30.0898995984313
2022-07-27,61.8562300079365,28.6156942768811
2022-07-28,69.2429085,26.0027306559864
2022-07-29,65.40057325625,26.8883711060008
2022-07-30,68.9078334390244,27.0751601769852
2022-07-31,64.9750574230769,24.5498462566772
2022-08-01,68.7590255416667,27.104886802662
2022-08-02,66.1954502418182,29.2240183638498
2022-08-03,68.10227225,16.4883896699424
2022-08-04,68.65489216,27.8529786494907
2022-08-05,65.4946568115942,28.7575840464797
2022-08-06,68.1634861739131,27.2186130497545
2022-08-07,56.7346700706061,25.9475973139197
2022-08-08,66.3099419745763,27.5839281541479
2022-08-09,64.2909048412698,46.0645933408498
2022-08-10,67.2781461071429,29.6052377381747
2022-08-11,67.1209614705882,26.5940518848076
2022-08-12,65.5727436784615,28.2133883946738
2022-08-13,69.1697892619048,23.9958510448834
2022-08-14,56.4439449745454,29.6469584696243
2022-08-15,63.4839458163934,27.5740610451228
2022-08-16,68.5041286734694,26.0537130985016
2022-08-17,65.8723983392857,28.0482361978867
2022-08-18,68.48847875,28.4954610801654
2022-08-19,65.5286160635135,31.519855101715
2022-08-20,68.0434011086957,27.7539790524883
2022-08-21,52.4179286438961,29.4323111060207
2022-08-22,65.6439105689655,29.7942181881931
2022-08-23,66.2997016078431,28.0847136753302
2022-08-24,68.0783043846154,28.4929815143479
2022-08-25,66.9318695918367,28.7451492885903
2022-08-26,68.5354611935484,29.8328918945368
2022-08-27,69.0505841842105,27.3655228548358
2022-08-28,55.3696412136232,29.5605436646775
2022-08-29,64.9362406157895,29.4579791790855
2022-08-30,68.5442906666667,31.2947788425206
2022-08-31,66.3235722290909,29.7091623058004
2022-09-01,69.6288356521739,29.7754609626116
2022-09-02,64.7935098835821,30.69722103477
2022-09-03,69.9840669285714,27.6872775575564
2022-09-04,53.7961570501266,31.5257104113376
2022-09-05,70.8369821818182,25.701845813009
2022-09-06,68.4573699166667,25.8825871755629
2022-09-07,71.2341035319149,43.7484498139618
2022-09-08,68.8582859375,29.3635367358564
2022-09-09,68.3257788644068,29.7210595638581
2022-09-10,69.1910358974359,25.4458916272365
2022-09-11,57.6486631920588,29.0670137678469
2022-09-12,64.0287745886792,26.8592763593013
2022-09-13,66.5888682884616,28.1680815050412
2022-09-14,70.463766826087,27.8169344558581
2022-09-15,68.3103104791667,28.6697916550975
2022-09-16,65.8589304693549,28.2838157339112
2022-09-17,70.6244662564102,26.6401381566767
2022-09-18,55.6336692939189,32.1989368673983
2022-09-19,65.7774036148148,27.0895626216192
2022-09-20,66.7087814117647,28.4156262221862
2022-09-21,68.0748205416667,27.1779860441872
2022-09-22,65.3792343617021,26.4686018652336
2022-09-23,67.8276653272727,26.5142413758999
2022-09-24,67.82346605,26.7662938878965
2022-09-25,60.8967671967213,29.6153412937648
2022-09-26,65.7728756655172,30.0764847685952
2022-09-27,67.5103295957447,25.8718788204545
2022-09-28,67.3163076962264,43.0264797582782
2022-09-29,67.3655598043478,25.8363492113471
2022-09-30,67.4150867894737,25.4340241540902
2022-10-01,69.9654885,23.8953190272832
2022-10-02,53.4348743188709,26.6223670497903
2022-10-03,69.2737995476191,23.4138517701967
2022-10-04,67.6601780961539,24.6406760607054
2022-10-05,69.6984403555555,26.1029185450295
2022-10-06,70.3397358571429,24.9466114097906
2022-10-07,68.8867169032258,28.4200344389353
2022-10-08,71.2525119722222,24.6676896038676
2022-10-09,56.639487411746,27.6582006269465
2022-10-10,66.7538197021739,27.705341164989
2022-10-11,68.8465826326531,25.8415929640542
2022-10-12,72.9612257647059,39.5485000366584
2022-10-13,71.7494857674419,16.364088931531
2022-10-14,68.22687542,26.3622024694489
2022-10-15,71.9333516285714,24.5953412812249
2022-10-16,57.6769565554839,28.2501079415348
2022-10-17,67.8449028163265,28.1167012612843
2022-10-18,70.4997825681818,25.4108403720339
2022-10-19,71.7484013571429,25.6955194429823
2022-10-20,66.2656181113636,27.0337555346345
2022-10-21,68.953188962963,27.2057118319769
2022-10-22,73.3122872941177,25.9081391635254
2022-10-23,56.6277421508196,27.0206047295232
2022-10-24,67.7266196625,28.519532898917
2022-10-25,69.9749770232558,25.1764489161022
2022-10-26,71.13344175,26.5595293273658
2022-10-27,70.7539798636364,28.4971433728516
2022-10-28,69.0930522692308,26.1523998604285
2022-10-29,72.7354051875,23.6349202195958
2022-10-30,53.2970907023636,27.2732093408203
2022-10-31,69.95907155,15.5081432402058
2022-11-01,70.5734195,27.0637774909852
2022-11-02,70.5487728292683,25.1756709426958
2022-11-03,70.546074025,24.2716823015793
2022-11-04,70.5422072708333,41.1691523937884
2022-11-05,70.9319053636364,23.3609739276325
2022-11-06,57.0576247477778,24.0203988736456
2022-11-07,68.3999323311111,22.2800547344337
2022-11-08,68.8606749765957,26.7980162647112
2022-11-09,72.5683817948718,26.3606142192852
2022-11-10,71.4466298205128,23.1291545465355
2022-11-11,69.9270399821429,26.6266642183162
2022-11-12,72.1867655,21.8675108842759
2022-11-13,57.6312712910714,24.5143007390111
2022-11-14,68.7379794590909,24.7779226880277
2022-11-15,70.4618653571428,23.0495474078555
2022-11-16,69.3015395348837,25.2984076802749
2022-11-17,70.298906368421,24.1147680327771
2022-11-18,70.3224726530612,26.2438159746391
2022-11-19,73.2586422666667,24.9784203112117
2022-11-20,57.2908520081356,27.8015817117211
2022-11-21,69.2470942292683,24.0856159230064
2022-11-22,71.4163490512821,27.1440145263065
2022-11-23,72.2555693809524,27.3809558274802
2022-11-24,72.4866538055555,25.1139275570621
2022-11-25,72.1676748311111,25.3198647478621
2022-11-26,71.7816641764706,25.5508447530041
2022-11-27,55.7869054016393,26.6922462918019
2022-11-28,68.6698785844444,38.3169261312309
2022-11-29,70.364000375,24.8332977379539
2022-11-30,72.9720131212121,24.1261307956761
2022-12-01,72.543044,26.8194335484341
2022-12-02,69.7542183137255,24.4593280783749
2022-12-03,73.1994994375,26.3076587539256
2022-12-04,60.3586429519643,30.3690584742954
2022-12-05,70.4283742604651,24.7441456385636
2022-12-06,73.0876817027027,26.7093037701657
2022-12-07,72.157411475,25.3453975233724
2022-12-08,73.5291448181818,23.4601583556565
2022-12-09,71.5152144047619,24.756762422282
2022-12-10,73.5168510666666,25.0693702148845
2022-12-11,61.4003694854167,26.9321323095916
2022-12-12,71.3790942439024,26.1211041471701
2022-12-13,72.1627054,39.2232855216282
2022-12-14,70.7690406176471,24.219225911147
2022-12-15,70.0824731891892,25.4753342053473
2022-12-16,71.8362259791667,25.8949194254819
2022-12-17,72.08866475,22.9247341295925
2022-12-18,56.3718654086,26.681145459084
2022-12-19,72.5852839459459,22.9047911678124
2022-12-20,69.5343407894737,27.0392071084748
2022-12-21,72.6291334054054,23.4314032990761
2022-12-22,68.9056659387755,26.5519451214577
2022-12-23,73.4749915625,23.4362370573045
2022-12-24,74.784743125,22.9114491116011
2022-12-25,65.7026110096774,23.4913869562411
2022-12-26,74.4256468965517,23.3961344232676
2022-12-27,73.0703358484848,24.480948221157
2022-12-28,70.54193309375,21.6838577817032
2022-12-29,73.6280313548387,24.3083334516117
2022-12-30,73.6942118181818,23.5763846901087
2022-12-31,73.186658037037,23.9492652866589
2023-01-01,63.1804792654286,24.6750612385164
2023-01-02,67.976959137931,22.4432904361237
2023-01-03,69.8156233,26.5451088172916
2023-01-04,68.6184023111111,25.7354496262474
2023-01-05,71.87378753125,22.9132632234031
2023-01-06,68.8534702235294,25.03541315933
2023-01-07,72.6214203214286,23.1240542700778
2023-01-08,66.3598012894737,26.2286282755656
2023-01-09,73.600283,23.1908554428525
2023-01-10,72.2986258,24.6780458512045
2023-01-11,72.4358246764706,26.258633737384
2023-01-12,72.2151116944444,40.3611801084137
2023-01-13,72.9364593846154,24.0407909779251
2023-01-14,72.5135961071428,24.0848771474909
2023-01-15,58.9211039297727,25.8625670273508
2023-01-16,65.8429887925,26.1399823575904
2023-01-17,70.950565,27.4544273990985
2023-01-18,73.2828036896552,23.526545681488
2023-01-19,72.0190045625,40.920032866469
2023-01-20,70.21438375,22.3516751532405
2023-01-21,72.4294703461538,24.6659367574713
2023-01-22,64.9004455135135,26.5461970948665
2023-01-23,71.2353523928572,20.7903355634202
2023-01-24,70.12982028125,23.3206332262527
2023-01-25,73.5147543666667,25.3131539542454
2023-01-26,73.8036787586207,38.6717170258239
2023-01-27,71.2602913170732,25.0814252369724
2023-01-28,73.06388196,24.3176334130365
2023-01-29,63.9816189,26.5838568924073
2023-01-30,71.50495,20.6383734943106
2023-01-31,69.24695389,27.043853517242
2023-02-01,73.6088368928571,21.2581330298347
2023-02-02,75.1826114827586,40.7354093293445
2023-02-03,73.6771449142857,23.7139666688522
2023-02-04,73.0668999565218,22.6806582761785
2023-02-05,57.733688372439,24.5410489234236
2023-02-06,72.7867648888889,21.7406164523456
2023-02-07,75.1356808965517,23.0540944380006
2023-02-08,74.4336538846154,25.0102825860968
2023-02-09,73.7132979285714,37.4479963131032
2023-02-10,71.0817084615385,21.3275398524822
2023-02-11,73.3980884090909,22.4318318104439
2023-02-12,57.3711690478125,20.8320457847483
2023-02-13,72.2085042058824,25.768498709538
2023-02-14,70.7252086666667,25.4172404375863
2023-02-15,71.6314765,23.1157819192632
2023-02-16,71.2328320344828,24.707651716458
2023-02-17,71.3475986666667,23.7335273514562
2023-02-18,71.5534490909091,21.9371869181376
2023-02-19,57.3254965777778,26.405715469601
2023-02-20,69.07776289375,22.8376254968338
2023-02-21,69.7991606451613,23.4238789114946
2023-02-22,71.9590144230769,22.6987343412966
2023-02-23,66.17523101875,25.5209415148251
2023-02-24,71.7795366666667,24.5383707095611
2023-02-25,71.5651045454545,22.0246718966193
2023-02-26,55.3634133767442,24.2084229164938
2023-02-27,69.9440174307692,20.3280765655537
2023-02-28,67.970410534375,25.1127579761716
2023-03-01,73.26636656,22.3613519307451
2023-03-02,71.5102202962963,24.601393835036
2023-03-03,72.9294111818182,23.4155116049969
2023-03-04,72.4337601304348,22.5127682589785
2023-03-05,55.9352511702083,25.6529058218625
2023-03-06,69.0439428851852,20.6100725094348
2023-03-07,72.3448255714286,22.9252262656009
2023-03-08,72.4295332,22.7976352946214
2023-03-09,69.9679853846154,21.4152984171131
2023-03-10,70.9477195348837,25.6847010859558
2023-03-11,77.0375534,24.1142146181249
2023-03-12,56.3417868604651,24.7913619974802
2023-03-13,71.4200403333333,22.7975503431544
2023-03-14,70.7896934333333,23.3890358946338
2023-03-15,68.2258503076923,20.6742001291291
2023-03-16,73.0012590833333,22.5182731090285
2023-03-17,73.0368648666667,21.1737244786947
2023-03-18,75.076471,10.5117082558998
2023-03-19,52.7048459018518,29.2452839080196
2023-03-20,68.3506864866667,20.7035571059067
2023-03-21,71.3903734666667,23.4068942122937
2023-03-22,70.6815111153846,22.8127719990582
2023-03-23,71.30995528,21.4787505675199
2023-03-24,73.0138249655172,21.1837744449787
2023-03-25,73.4688525263158,20.211798506834
2023-03-26,55.298269625,24.1305871236153
2023-03-27,70.4064153461538,20.3781985192352
2023-03-28,68.9640939310345,23.390975048279
2023-03-29,71.8367217083333,20.8498979719554
2023-03-30,71.5974675384615,23.234624476534
2023-03-31,67.6645941463415,21.3905528107041
2023-04-01,71.32882235,20.2390209841433
2023-04-02,51.60731715,25.9145849991868
2023-04-03,68.1712654566667,23.1300062569471
2023-04-04,68.5218164551724,21.0460523607925
2023-04-05,72.1356777083333,20.3497504780997
2023-04-06,69.12288575,21.9749615345471
2023-04-07,70.9609883034483,21.0563662548146
2023-04-08,76.6810187857143,19.0945600906784
2023-04-09,58.5546189142857,8.76974988024312
2023-04-10,71.1551312727273,19.4886247405846
2023-04-11,68.9114926909091,20.613288988731
2023-04-12,71.9158292173913,19.8073177157807
2023-04-13,71.3329184230769,21.5743786742227
2023-04-14,71.20655512,19.8258097788146
2023-04-15,71.05494405,19.5252548555377
2023-04-16,54.1578896815789,21.5204922084053
2023-04-17,71.1594034444445,21.4749687265713
2023-04-18,64.3835991677419,22.1671966154482
2023-04-19,68.8738411666667,20.7637503081879
2023-04-20,71.3170984583333,36.8596272145418
2023-04-21,67.9540720833333,20.3906473202556
2023-04-22,70.575877,19.3954306492866
2023-04-23,55.76220109,21.3800585960643
2023-04-24,69.7630811111111,23.4837927287103
2023-04-25,70.0161086896552,22.8712694574488
2023-04-26,69.5327089090909,21.8229134877005
2023-04-27,70.6945017826087,19.8339292291473
2023-04-28,72.8070102307692,20.0872305142419
2023-04-29,69.3641267647059,21.8359540115904
2023-04-30,58.6216531612903,20.9056581349726
2023-05-01,66.7295678045455,20.7727604257616
2023-05-02,72.0668814,21.7254565660475
2023-05-03,66.5643047407407,22.3073036965274
2023-05-04,70.2674818,20.352718428144
2023-05-05,71.6723835357143,20.1576248668577
2023-05-06,72.493926,22.1179137498723
2023-05-07,55.3851302424242,23.4836666044616
2023-05-08,69.1566366,19.7619100427546
2023-05-09,69.15442568,18.7391820897942
2023-05-10,67.5775548421053,16.8749248005131
2023-05-11,71.131067631579,16.3164412953401
2023-05-12,67.6088395,16.0042054543075
2023-05-13,73.5674425294118,16.9414343710694
2023-05-14,55.0530208319231,19.7479383997459
2023-05-15,70.13052055,17.9887004305564
2023-05-16,69.0096742608696,17.569497396372
2023-05-17,69.0326471052632,16.942555120881
2023-05-18,68.537622875,15.1146464470773
2023-05-19,72.1639307826087,17.5756695368668
2023-05-20,74.2368732666667,16.6578066311498
2023-05-21,57.21934472,19.4487387145014
2023-05-22,68.4353132272727,17.2118469631516
2023-05-23,69.6842510416667,19.1227846054022
2023-05-24,70.6636110526316,17.3769610145543
2023-05-25,69.7480230454546,18.0826644351992
2023-05-26,71.25855825,16.8236886424268
2023-05-27,73.2901990625,16.9420697609285
2023-05-28,66.177047,17.3153864604364
2023-05-29,67.9547515,18.8674526786002
2023-05-30,70.6690656521739,17.4371052468483
2023-05-31,71.8825683888889,17.0441738130356
2023-06-01,71.7268587,18.0732330398556
2023-06-02,69.524954656,3.86523465345696
2023-06-03,70.786619882353,16.9732003720481
2023-06-04,57.68346868,19.1132996663911
2023-06-05,68.75767385,17.0089007311655
2023-06-06,69.4690833461538,19.8331258989121
2023-06-07,69.2350110526316,5.27716377705063
2023-06-08,69.92067,18.0271458976524
2023-06-09,71.6762871818182,15.6425778330208
2023-06-10,73.6064965294118,16.9509486977688
2023-06-11,57.7079796841177,18.7184415409658
2023-06-12,70.3109488,17.0301017204882
2023-06-13,69.41797925,17.6492789376384
2023-06-14,70.5848874444444,17.0036100210659
2023-06-15,70.5876717222222,17.0044702242381
2023-06-16,66.6763520916667,15.6569331680974
2023-06-17,73.9707954,16.9442841007205
2023-06-18,58.7580516190476,19.4234570544005
2023-06-19,69.12857815,17.109956080141
2023-06-20,66.8583796576923,19.8334508156033
2023-06-21,69.4195990588235,16.881940760669
2023-06-22,69.063439368421,16.9999766614443
2023-06-23,69.4437033478261,15.652579059147
2023-06-24,74.2774199230769,16.8103178449757
2023-06-25,70.9217392142857,16.9535471927226
2023-06-26,69.9588947368421,17.018098001254
2023-06-27,67.7875651666667,15.2625839453171
2023-06-28,69.8511491176471,15.2406589399761
2023-06-29,67.4570661666667,15.2501805259853
2023-06-30,72.412038125,16.5987062544619
2023-07-01,72.4943548,16.3166053307081
2023-07-02,66.2203591333333,16.767190360902
2023-07-03,70.525044631579,17.0139864533773
2023-07-04,67.99062875,19.3018243283572
2023-07-05,68.9494423333334,15.8945499635339
2023-07-06,70.296801625,16.6401673846033
2023-07-07,74.6347474210526,15.2946759643994
2023-07-08,72.6261119285714,16.6054978725011
2023-07-09,68.6038009230769,16.4354290418151
2023-07-10,68.6752187333333,15.0917651528385
2023-07-11,68.5427036666667,18.238665074057
2023-07-12,69.4866709375,16.2010990490564
2023-07-13,67.7760605333333,14.4495769376101
2023-07-14,67.6354609,14.7779296728403
2023-07-15,71.5820359166667,16.0372142616299
2023-07-16,57.0770551071429,13.7932316165252
2023-07-17,67.3230445714286,16.1159232023339
2023-07-18,67.0399592941177,16.3546250267717
2023-07-19,68.7766819375,16.2255845381034
2023-07-20,68.7776475,16.2258033186797
2023-07-21,68.7665573529412,14.6527292839286
2023-07-22,72.1009350833333,15.9943201518482
2023-07-23,50.0416228922727,19.3361582100283
2023-07-24,68.779591875,16.2262574385682
2023-07-25,67.4333502380952,16.5855301022268
2023-07-26,72.414098625,16.2102216984471
2023-07-27,68.7822349375,16.2269937453488
2023-07-28,69.7896502105263,14.7685374777693
2023-07-29,68.9332372222222,14.1670660299781
2023-07-30,53.9201958235294,15.3864294841941
2023-07-31,69.502239375,16.203880507994
2023-08-01,69.7454107,16.6119338138087
2023-08-02,70.2812350625,16.3301064953493
2023-08-03,67.6680838888889,16.3632241923178
2023-08-04,70.4457235789474,14.8930569434273
2023-08-05,70.1999753125,16.2803717502581
2023-08-06,59.4956656,16.9367502138468
2023-08-07,69.9639748125,15.9862761232405
2023-08-08,74.7755827222222,14.9746179167359
2023-08-09,66.9657261764706,4.36436353897902
2023-08-10,70.0770378235294,16.3540548830879
2023-08-11,70.8903269473684,14.7087145325116
2023-08-12,74.3413642,16.2545655049
2023-08-13,66.3860413846154,15.7241890582753
2023-08-14,71.1024802941176,15.99250606286
2023-08-15,62.6811445,16.7275689106602
2023-08-16,70.5323937777778,16.3552269612258
2023-08-17,69.3233868823529,16.2702072647591
2023-08-18,69.3021561666667,14.8080587370206
2023-08-19,73.8476239166667,16.1568681248699
2023-08-20,61.9355993315,17.9415139034411
2023-08-21,68.6787466470588,16.6788367763726
2023-08-22,69.1860588333333,16.3663804901289
2023-08-23,70.5359271111111,16.3558837535326
2023-08-24,70.0832972352941,16.3548956988966
2023-08-25,70.451146,14.8932633581449
2023-08-26,73.8903424545455,16.0617015279562
2023-08-27,63.236275242,17.3233007726887
2023-08-28,69.3923337777778,16.3831188062724
2023-08-29,72.2951381052631,16.4265654997179
2023-08-30,67.6780038333333,16.3644897778748
2023-08-31,69.219229375,14.5742401236114
2023-09-01,68.1333803,15.0647099682716
2023-09-02,73.2953463333333,15.8505580959269
2023-09-03,62.8897151333333,15.4903046870062
2023-09-04,68.9069111333333,16.246368855563
2023-09-05,70.1986381428571,16.6186352956601
2023-09-06,65.9675274117647,14.5010177081027
2023-09-07,69.7495020588235,16.4537229904879
2023-09-08,69.064858,14.7125563344511
2023-09-09,74.3728091,14.211470852181
2023-09-10,61.4830601111111,17.6826897605278
2023-09-11,72.0382024666667,16.2119513040892
2023-09-12,73.116036625,16.2180315141873
2023-09-13,70.6775289285714,16.127014488914
2023-09-14,70.2702745714286,14.348405727548
2023-09-15,71.039318,14.6651443682202
2023-09-16,75.3199024166667,16.1117424657258
2023-09-17,60.4114684444444,17.4456744739997
2023-09-18,71.5570212941176,16.2414207848832
2023-09-19,66.090073,18.1540614486829
2023-09-20,70.6783491428572,16.1270699099891
2023-09-21,69.657875,14.3473893991522
2023-09-22,72.9035261176471,14.6421733464098
2023-09-23,75.2240492307692,16.1138800946395
2023-09-24,67.9899681111111,16.7124447521017
2023-09-25,70.2715980714286,14.348465291436
2023-09-26,69.5781476111111,18.2052362004904
2023-09-27,72.0535395,15.8912764271559
2023-09-28,71.1904898571429,14.4749894030434
2023-09-29,71.0408808125,14.7083390979668
2023-09-30,71.6751423333333,16.1620441757447
2023-10-01,60.7944154375,16.5738000301959
2023-10-02,70.9794303846154,4.22442813543681
2023-10-03,69.0980660625,16.1900216728043
2023-10-04,70.6803936428571,16.1745681263567
2023-10-05,70.6806140714286,16.1745777794961
2023-10-06,71.321207,14.445565039894
2023-10-07,73.2724470714286,16.3247262122057
2023-10-08,64.0039793529412,15.8718453353667
2023-10-09,72.0555279285714,15.8447578323477
2023-10-10,70.798982,16.2393050543003
2023-10-11,71.6769514666667,16.2110446287921
2023-10-12,71.1861037333333,16.175668345746
2023-10-13,69.6616806923077,14.3896848359818
2023-10-14,70.0609951538462,13.8242571405537
2023-10-15,60.21356675,13.715232249168
2023-10-16,68.4408670588235,18.2010268793801
2023-10-17,74.3273331111111,16.6095384879863
2023-10-18,70.030186,16.6869928810607
2023-10-19,73.2073145882353,16.2975224979187
2023-10-20,72.1556432,14.5115382977479
2023-10-21,70.8023566428571,14.4261616145798
2023-10-22,62.8281083333333,14.5214756210686
2023-10-23,72.177035,14.1014560380914
2023-10-24,69.7108124444445,16.4602163464367
2023-10-25,71.2857817333333,14.4807388957279
2023-10-26,71.2996718,14.4272440967961
2023-10-27,72.1570274666667,14.5115722908579
2023-10-28,71.1959736428571,14.4751338863134
2023-10-29,69.3495901818182,15.4981743672683
2023-10-30,72.0659342666667,14.2555349064708
2023-10-31,72.0354684,14.3885498707468
2023-11-01,72.1575967333333,14.5115873668272
2023-11-02,69.90693475,14.3661583652754
2023-11-03,72.1579306666667,14.5115940700476
2023-11-04,72.1579827333333,14.5115958902104
2023-11-05,61.1633247086667,15.30000933618
2023-11-06,72.1581527333333,14.4690636159054
2023-11-07,70.5494223684211,16.645797411923
2023-11-08,72.1586325333333,14.511610288326
2023-11-09,70.8055985,14.4262324126374
2023-11-10,73.0986799285714,14.227305059698
2023-11-11,73.5857816923077,14.2036997822175
2023-11-12,61.8114715,14.1364735870366
2023-11-13,71.7139776153846,14.1419317657986
2023-11-14,68.5583485882353,16.2200960851404
2023-11-15,71.1477528461538,14.1065568635657
2023-11-16,71.3725223333333,14.2688489582125
2023-11-17,70.3760279166667,13.5046930231056
2023-11-18,71.8721674545455,13.5654098390031
2023-11-19,57.7206371764706,13.8310586120361
2023-11-20,69.6601349090909,13.5036427891535
2023-11-21,71.9713853076923,13.5900882468289
2023-11-22,69.4676770769231,13.5147744280052
2023-11-23,71.178405,16.062768829812
2023-11-24,69.6611059090909,13.5036613171558
2023-11-25,71.4482786666667,13.5890483689756
2023-11-26,65.7049202769231,14.4689235535064
2023-11-27,69.1612886153846,13.5816468086379
2023-11-28,70.2455602307692,13.5378623022342
2023-11-29,70.3785378333333,13.5047381380381
2023-11-30,71.9733583076923,13.549094391413
2023-12-01,75.43452775,13.5640435118084
2023-12-02,71.44952775,13.5890706126207
2023-12-03,68.4045471666667,13.5806136591107
2023-12-04,71.4496895,13.5890739642308
2023-12-05,71.8332625384615,13.5106699231681
2023-12-06,69.6629135454545,13.5036933520216
2023-12-07,71.5358873076923,13.6891764927477
2023-12-08,69.6631345454546,13.5036965529976
2023-12-09,71.8752131818182,13.5654698165066
2023-12-10,64.0338586,13.5138278931229
2023-12-11,66.8279840909091,13.2202491482815
2023-12-12,71.7433078333333,13.2346150909512
2023-12-13,70.0059464545455,1.24878876166195
2023-12-14,66.8285747272727,13.220256579567
2023-12-15,70.8258469166667,13.2297589843943
2023-12-16,70.1496283636364,13.2287002521647
2023-12-17,72.914740625,13.0936175080333
2023-12-18,70.1497534545455,13.2287011434169
2023-12-19,71.7438779166667,13.2346221205456
2023-12-20,69.1808633,1.24773483717278
2023-12-21,70.4865262,1.27855375887004
2023-12-22,73.5087333333333,1.16814245573419
2023-12-23,67.44453565,3.55613569514733
2023-12-24,74.1009621428571,1.080522691766
2023-12-25,74.4744304,1.0058776133184
2023-12-26,75.726986625,1.14939062360693
2023-12-27,73.3695109090909,1.38399149845878
2023-12-28,72.9012147,1.32942507552342
2023-12-29,62.6133047041667,2.18918390834212
2023-12-30,77.5774118571428,1.14229832776306
2023-12-31,53.798044045,3.0814751083397
2024-01-01,74.61783,1.07844112762074
2024-01-02,76.3705512,1.25839176500593
2024-01-03,69.1815218,1.2477388666367
2024-01-04,68.1956581111111,1.19317061098567
2024-01-05,68.195691,1.19317087459546
2024-01-06,68.0547796,13.1433263933872
2024-01-07,72.915911125,13.0936294834494
2024-01-08,70.8270643333333,13.2297740854694
2024-01-09,72.2302225384615,13.2892035692389
2024-01-10,68.9831777272727,13.1443883768042
2024-01-11,68.0549806,13.1433296571275
2024-01-12,68.9833405454546,13.1443890044466
2024-01-13,70.15112,13.2287190437768
2024-01-14,68.734787,13.1088892767021
2024-01-15,74.1219771,13.2026353823775
2024-01-16,69.9559198888889,1.10310222589909
2024-01-17,69.82237,13.1327303468625
2024-01-18,70.1513192727273,13.2287226966553
2024-01-19,70.827708,13.2297825084298
2024-01-20,70.705739,13.1421624557461
2024-01-21,74.1420542222222,14.8785674540262
2024-01-22,68.0553046,13.1433349167704
2024-01-23,71.6959113846154,14.935244098428
2024-01-24,70.1515281818182,13.2287259729484
2024-01-25,71.8371136153846,15.0147167005996
2024-01-26,71.8752634166667,13.3548365696195
2024-01-27,74.9385215555556,13.179030017027
2024-01-28,69.53186875,14.3799921676511
2024-01-29,70.7959074545454,14.5755570270979
2024-01-30,72.3361380833333,14.5814768995761
2024-01-31,70.7959822727273,14.531552349391
2024-02-01,69.4809232,12.7906277933027
2024-02-02,69.4809585,12.7906281698881
2024-02-03,69.7812775555555,12.7670152477237
2024-02-04,75.5139946666667,14.3336506462943
2024-02-05,67.5647881111111,14.4391351075799
2024-02-06,72.33630375,14.5814796360967
2024-02-07,67.0773468888889,12.7052379798565
2024-02-08,71.4189291666667,14.5766210064176
2024-02-09,67.0774043333333,12.7052396242795
2024-02-10,69.532151125,14.3799964607248
2024-02-11,76.9861406666667,14.3430826170966
2024-02-12,67.6519777777778,14.3329122828966
2024-02-13,68.2443767777778,12.5960377000912
2024-02-14,67.652004,14.375049634742
2024-02-15,65.615192,12.5901192837433
2024-02-16,65.2261726666667,0.616342143664134
2024-02-17,74.07652175,0.503696044607295
2024-02-18,73.68720725,14.1674984632962
2024-02-19,69.9984023,14.4604429127739
2024-02-20,68.2444952222222,12.59603919388
2024-02-21,68.4486445555555,12.6755118588159
2024-02-22,69.9984887,14.4604442684814
2024-02-23,68.4486874444444,12.6755147710764
2024-02-24,71.0607075,12.4785614663182
2024-02-25,58.8790203333333,12.3220932023163
2024-02-26,69.9985347,14.4604466409695
2024-02-27,68.2446101111111,12.5960423446446
2024-02-28,67.6522061111111,14.3750544675881
2024-02-29,68.4488031111111,12.637246258042
2024-03-01,65.615406875,12.5901230998088
2024-03-02,72.618749,12.4538637898721
2024-03-03,73.496043,14.1877610682297
2024-03-04,73.199623375,12.6494314862624
2024-03-05,69.8149102,14.380974277302
2024-03-06,68.65778375,12.6519037318391
2024-03-07,69.9987601,14.4604484987909
2024-03-08,70.6907951,12.801669980566
2024-03-09,74.720034,14.1428042137774
2024-03-10,68.028959,14.1580621492087
2024-03-11,67.761545,14.3514451731965
2024-03-12,69.8149641,14.3809805662784
2024-03-13,67.6523377777778,14.3750619741907
2024-03-14,68.4490468888889,12.6755187126704
2024-03-15,68.4220584444444,12.716289343251
2024-03-16,74.4272114285714,12.5628744714349
2024-03-17,73.51003125,14.0917832420809
2024-03-18,65.1242678571429,14.2280446734488
2024-03-19,69.8150556,14.3809939476134
2024-03-20,67.761687375,14.3514655590202
2024-03-21,65.61555875,12.590135727973
2024-03-22,70.6923093,12.8017032205051
2024-03-23,76.62878,14.2280019435573
2024-03-24,76.7141086666667,14.0809802116605
2024-03-25,64.4976581428571,12.4575246694716
2024-03-26,72.30374525,14.3490186701947
2024-03-27,67.7618665,14.351497016455
2024-03-28,70.6402402857143,12.5640582425744
2024-03-29,69.6149242857143,12.6189323860034
2024-03-30,74.7205874,14.1428638649068
2024-03-31,77.426055,14.0893705403506
2024-04-01,68.2125097142857,14.2649488513847
2024-04-02,67.6526958888889,14.3751273243126
2024-04-03,67.6527304444444,14.3751315295164
2024-04-04,63.6234448571429,12.5391101368289
2024-04-05,68.4493562222222,12.6755401403804
2024-04-06,72.413579,12.3578931188462
2024-04-07,75.25179,12.3470638906338
2024-04-08,69.9994141,14.4181436132744
2024-04-09,68.657250625,0.725354256251498
2024-04-10,65.61568125,12.5901449417628
2024-04-11,73.200198125,12.6494556253874
2024-04-12,70.6947408,12.8017426489978
2024-04-13,72.41368225,12.3578932820332
2024-04-14,75.2518153333333,12.3470639533981
2024-04-15,67.9015168571429,2.40134156042748
2024-04-16,65.6157185,12.5901456321694
2024-04-17,69.9995263,14.4605389671599
2024-04-18,70.640379,12.5640608159081
2024-04-19,65.615741125,12.5901457702507
2024-04-20,76.7149646666667,14.0810364986268
2024-04-21,77.4264975,14.1320724835284
2024-04-22,69.999684,14.4181734515406
2024-04-23,72.30424375,14.3490816854871
2024-04-24,67.6530378888889,14.3751712718303
2024-04-25,65.615795875,12.5901461091776
2024-04-26,65.4496992857143,12.5665337393384
2024-04-27,74.721349,14.142920653987
2024-04-28,75.25187,12.3470657233495
2024-04-29,67.6530993333333,14.3751725522207
2024-04-30,65.615834,12.5521353381763
2024-05-01,74.799235,12.4430581233538
2024-05-02,65.61584725,12.5901471134053
2024-05-03,70.8527606,12.4444566988127
2024-05-04,75.2518866666667,12.3470657861137
2024-05-05,77.426746,14.1320914634332
2024-05-06,70.1737298333333,12.4315238370643
2024-05-07,64.497934,12.4941560942143
2024-05-08,65.7598197142857,12.5035870356831
2024-05-09,65.615863875,12.5901484942185
2024-05-10,68.4497587777778,12.6755455004461
2024-05-11,73.51158875,14.0918915605985
2024-05-12,73.097295,12.2960325126271
2024-05-13,66.16474,14.3241473000034
2024-05-14,66.164750625,14.3241491829305
2024-05-15,63.6237521428571,12.5391140407643
2024-05-16,63.0966275,0.588925369903375
2024-05-17,62.360236,0.565312297104802
2024-05-18,71.654303,0.356673509328225
2024-05-19,75.7534703333333,2.1417094799823
2024-05-20,66.0759428571429,2.36700272536779
2024-05-21,63.6237557142857,12.5391146809595
2024-05-22,63.6237592857143,12.5391147060652
2024-05-23,63.6237607142857,12.5391147311709
2024-05-24,69.1538693333333,12.513029877251
2024-05-25,70.03171,12.3068627576201
2024-05-26,70.03171,12.3068627576201
2024-05-27,66.0770778571429,14.3005375286036
2024-05-28,63.6237664285714,12.5391148441465
2024-05-29,63.0979608333333,12.5155016709252
2024-05-30,63.6237692857143,12.5391148566994
2024-05-31,63.0979751666667,12.4777153752004
2024-06-01,76.7154933333333,14.0810692615577
2024-06-02,73.097335,12.2960333160094
2024-06-03,63.0979785,12.4788153988819
2024-06-04,63.6237857142857,12.539114969675
2024-06-05,62.3602906,0.565312623478826
2024-06-06,66.1647985,14.3241517060527
2024-06-07,63.62381,12.53911587348
2024-06-08,73.51180425,14.0918997450548
2024-06-09,73.09735,12.2960342198143
2024-06-10,62.79599,12.4289412291704
2024-06-11,66.0759964285714,2.37396189288273
2024-06-12,63.0980108333333,12.5155026877058
2024-06-13,69.6274072,0.562841105967338
2024-06-14,63.6238214285714,12.5391159487971
2024-06-15,70.031809,12.3068638999292
2024-06-16,NULL,NULL
2024-06-17,60.9930916666667,12.1575298019412
2024-06-18,63.6238441428571,12.5391160241141
2024-06-19,69.627485,0.562841244048656
2024-06-20,63.6238677142857,12.5391160743255
2024-06-21,67.101661,12.6009020287629
2024-06-22,73.097368,12.2960343704485
2024-06-23,73.097368,12.2960343704485
2024-06-24,61.0294402,12.4195103881243
2024-06-25,67.1843215,12.1435736279872
2024-06-26,69.6291024,12.48941807229
2024-06-27,61.9876508333333,12.443123699427
2024-06-28,68.676025,12.3934255969687
2024-06-29,58.879301,12.3221201407262
2024-06-30,73.097387,12.258911521107
2024-07-01,71.731184,14.1369014076961
2024-07-02,68.296558,12.4170396112308
2024-07-03,68.6760285,12.3934264003509
2024-07-04,68.67407,0.466848957020024
2024-07-05,70.0320033333333,12.3068649920269
2024-07-06,73.097392,12.2960353244649
2024-07-07,73.097397,12.2960353495706
2024-07-08,68.296564,12.4170397367593
2024-07-09,69.39539975,12.4062100943029
2024-07-10,71.604953,12.1329817239019
2024-07-11,68.2965882,12.4170397869707
2024-07-12,68.676059,12.3934266137493
2024-07-13,70.0320453333333,12.3068652054253
2024-07-14,73.097417,12.2960355253104
2024-07-15,73.164133,0.550630571636234
2024-07-16,68.2966228,12.4170399124991
2024-07-17,68.676117,12.3934267016192
2024-07-18,72.101248,12.5024402452312
2024-07-19,68.2966456,12.4170400129219
2024-07-20,70.0321226666667,12.3068653184009
2024-07-21,73.097427,12.2960356257332
2024-07-22,68.676122,12.393426802042
2024-07-23,68.2966496,12.4170400631333
2024-07-24,68.6761425,12.3934268648062
2024-07-25,68.2967248,12.4170401761089
2024-07-26,69.3061213333333,0.443236285912558
2024-07-27,78.1449726666667,0.442075461377541
2024-07-28,79.40836,0.346169471552172
2024-07-29,68.676222,12.3570989780037
2024-07-30,68.2967428,12.4286887423154
2024-07-31,68.2967572,12.3795516899764
2024-08-01,70.0297483333333,0.380644885774092
2024-08-02,69.21893975,12.3420461338693
2024-08-03,73.097452,12.3075707950351
2024-08-04,73.097457,12.3075708452936
2024-08-05,70.03237,12.3184108351146
2024-08-06,70.9912233333333,12.3312062571299
2024-08-07,79.4084,0.346169647456886
2024-08-08,70.9912266666667,12.3312062822592
2024-08-09,70.9912266666667,12.3312062822592
2024-08-10,73.097465,12.3075708955521
2024-08-11,73.09747,12.3075709458106
2024-08-12,66.782635,11.9738044174159
2024-08-13,NULL,NULL
2024-08-14,NULL,NULL
2024-08-15,NULL,NULL
2024-08-16,NULL,NULL
2024-08-17,NULL,NULL
2024-08-18,NULL,NULL
2024-08-19,NULL,NULL
2024-08-20,NULL,NULL
2024-08-21,NULL,NULL
2024-08-22,NULL,NULL
2024-08-23,NULL,NULL
2024-08-24,NULL,NULL
2024-08-25,NULL,NULL
2024-08-26,NULL,NULL
2024-08-27,NULL,NULL
2024-08-28,NULL,NULL
2024-08-29,NULL,NULL
2024-08-30,NULL,NULL
2024-08-31,NULL,NULL
2024-09-01,NULL,NULL
2024-09-02,NULL,NULL
2024-09-03,NULL,NULL
2024-09-04,NULL,NULL
2024-09-05,NULL,NULL
2024-09-06,NULL,NULL
2024-09-07,NULL,NULL
2024-09-08,NULL,NULL
2024-09-09,NULL,NULL
2024-09-10,NULL,NULL
2024-09-11,NULL,NULL
2024-09-12,NULL,NULL
2024-09-13,NULL,NULL
2024-09-14,NULL,NULL
2024-09-15,NULL,NULL
2024-09-16,NULL,NULL
2024-09-17,NULL,NULL
2024-09-18,NULL,NULL
2024-09-19,NULL,NULL
2024-09-20,NULL,NULL
2024-09-21,NULL,NULL
2024-09-22,NULL,NULL
2024-09-23,NULL,NULL
2024-09-24,NULL,NULL
2024-09-25,NULL,NULL
2024-09-26,NULL,NULL
2024-09-27,NULL,NULL
2024-09-28,NULL,NULL
2024-09-29,NULL,NULL
2024-09-30,NULL,NULL
2024-10-01,NULL,NULL
2024-10-02,NULL,NULL
2024-10-03,NULL,NULL
2024-10-04,NULL,NULL
2024-10-05,NULL,NULL
2024-10-06,NULL,NULL
2024-10-07,NULL,NULL
2024-10-08,NULL,NULL
2024-10-09,NULL,NULL
2024-10-10,NULL,NULL
2024-10-11,NULL,NULL
2024-10-12,NULL,NULL
2024-10-13,NULL,NULL
2024-10-14,NULL,NULL
2024-10-15,NULL,NULL
2024-10-16,NULL,NULL
2024-10-17,NULL,NULL
2024-10-18,NULL,NULL
2024-10-19,NULL,NULL
2024-10-20,NULL,NULL
2024-10-21,NULL,NULL
2024-10-22,NULL,NULL
2024-10-23,NULL,NULL
2024-10-24,NULL,NULL
2024-10-25,NULL,NULL
2024-10-26,NULL,NULL
2024-10-27,NULL,NULL
2024-10-28,NULL,NULL
2024-10-29,NULL,NULL
2024-10-30,NULL,NULL
2024-10-31,NULL,NULL
2024-11-01,NULL,NULL
2024-11-02,NULL,NULL
2024-11-03,NULL,NULL
2024-11-04,NULL,NULL
2024-11-05,NULL,NULL
2024-11-06,NULL,NULL
2024-11-07,NULL,NULL
2024-11-08,NULL,NULL
2024-11-09,NULL,NULL
2024-11-10,NULL,NULL
2024-11-11,NULL,NULL
2024-11-12,NULL,NULL
2024-11-13,NULL,NULL
2024-11-14,NULL,NULL
2024-11-15,NULL,NULL
2024-11-16,NULL,NULL
2024-11-17,NULL,NULL
2024-11-18,NULL,NULL
2024-11-19,NULL,NULL
2024-11-20,NULL,NULL
2024-11-21,NULL,NULL
2024-11-22,NULL,NULL
2024-11-23,NULL,NULL
2024-11-24,NULL,NULL
2024-11-25,NULL,NULL
2024-11-26,NULL,NULL
2024-11-27,NULL,NULL
2024-11-28,NULL,NULL
2024-11-29,NULL,NULL
2024-11-30,NULL,NULL
2024-12-01,NULL,NULL
2024-12-02,NULL,NULL
2024-12-03,NULL,NULL
2024-12-04,NULL,NULL
2024-12-05,NULL,NULL
2024-12-06,NULL,NULL
2024-12-07,NULL,NULL
2024-12-08,NULL,NULL
2024-12-09,NULL,NULL
2024-12-10,NULL,NULL
2024-12-11,NULL,NULL
2024-12-12,NULL,NULL
2024-12-13,NULL,NULL
2024-12-14,NULL,NULL
2024-12-15,NULL,NULL
2024-12-16,NULL,NULL
2024-12-17,NULL,NULL
2024-12-18,NULL,NULL
2024-12-19,NULL,NULL
2024-12-20,NULL,NULL
2024-12-21,NULL,NULL
2024-12-22,NULL,NULL
2024-12-23,NULL,NULL
2024-12-24,NULL,NULL
2024-12-25,NULL,NULL
2024-12-26,NULL,NULL
2024-12-27,NULL,NULL
2024-12-28,NULL,NULL
2024-12-29,NULL,NULL
2024-12-30,NULL,NULL
2024-12-31,NULL,NULL
2025-01-01,NULL,NULL
2025-01-02,NULL,NULL
2025-01-03,NULL,NULL
2025-01-04,NULL,NULL
2025-01-05,NULL,NULL
2025-01-06,NULL,NULL
2025-01-07,NULL,NULL
2025-01-08,NULL,NULL
2025-01-09,NULL,NULL
2025-01-10,NULL,NULL
2025-01-11,NULL,NULL
2025-01-12,NULL,NULL
2025-01-13,NULL,NULL
2025-01-14,NULL,NULL
2025-01-15,NULL,NULL
2025-01-16,NULL,NULL
2025-01-17,NULL,NULL
2025-01-18,NULL,NULL
2025-01-19,NULL,NULL
2025-01-20,NULL,NULL
2025-01-21,NULL,NULL
2025-01-22,NULL,NULL
2025-01-23,NULL,NULL
2025-01-24,NULL,NULL
2025-01-25,NULL,NULL
2025-01-26,NULL,NULL
2025-01-27,NULL,NULL
2025-01-28,NULL,NULL
2025-01-29,NULL,NULL
2025-01-30,NULL,NULL
2025-01-31,NULL,NULL
2025-02-01,NULL,NULL
2025-02-02,NULL,NULL
2025-02-03,NULL,NULL
2025-02-04,NULL,NULL
2025-02-05,NULL,NULL
2025-02-06,NULL,NULL
2025-02-07,NULL,NULL
2025-02-08,NULL,NULL
2025-02-09,NULL,NULL
2025-02-10,NULL,NULL
2025-02-11,NULL,NULL
2025-02-12,NULL,NULL
2025-02-13,NULL,NULL
2025-02-14,NULL,NULL
2025-02-15,NULL,NULL
2025-02-16,NULL,NULL
2025-02-17,NULL,NULL
2025-02-18,NULL,NULL
2025-02-19,NULL,NULL
2025-02-20,NULL,NULL
2025-02-21,NULL,NULL
2025-02-22,NULL,NULL
2025-02-23,NULL,NULL
2025-02-24,NULL,NULL
2025-02-25,NULL,NULL
2025-02-26,NULL,NULL
2025-02-27,NULL,NULL
2025-02-28,NULL,NULL
2025-03-01,NULL,NULL
2025-03-02,NULL,NULL
2025-03-03,NULL,NULL
2025-03-04,NULL,NULL
2025-03-05,NULL,NULL
2025-03-06,NULL,NULL
2025-03-07,NULL,NULL
2025-03-08,NULL,NULL
2025-03-09,NULL,NULL
2025-03-10,NULL,NULL
2025-03-11,NULL,NULL
2025-03-12,NULL,NULL
2025-03-13,NULL,NULL
2025-03-14,NULL,NULL
2025-03-15,NULL,NULL
2025-03-16,NULL,NULL
2025-03-17,NULL,NULL
2025-03-18,NULL,NULL
2025-03-19,NULL,NULL
2025-03-20,NULL,NULL
2025-03-21,NULL,NULL
2025-03-22,NULL,NULL
2025-03-23,NULL,NULL
2025-03-24,NULL,NULL
2025-03-25,NULL,NULL
2025-03-26,NULL,NULL
2025-03-27,NULL,NULL
2025-03-28,NULL,NULL
2025-03-29,NULL,NULL
2025-03-30,NULL,NULL
2025-03-31,NULL,NULL
2025-04-01,NULL,NULL
2025-04-02,NULL,NULL
2025-04-03,NULL,NULL
2025-04-04,NULL,NULL
2025-04-05,NULL,NULL
2025-04-06,NULL,NULL
2025-04-07,NULL,NULL
2025-04-08,NULL,NULL
2025-04-09,NULL,NULL
2025-04-10,NULL,NULL
2025-04-11,NULL,NULL
2025-04-12,NULL,NULL
2025-04-13,NULL,NULL
2025-04-14,NULL,NULL
2025-04-15,NULL,NULL
2025-04-16,NULL,NULL
2025-04-17,NULL,NULL
2025-04-18,NULL,NULL
2025-04-19,NULL,NULL
2025-04-20,NULL,NULL
2025-04-21,NULL,NULL
2025-04-22,NULL,NULL
2025-04-23,NULL,NULL
2025-04-24,NULL,NULL
2025-04-25,NULL,NULL
2025-04-26,NULL,NULL
2025-04-27,NULL,NULL
2025-04-28,NULL,NULL
2025-04-29,NULL,NULL
2025-04-30,NULL,NULL
2025-05-01,NULL,NULL
2025-05-02,NULL,NULL
2025-05-03,NULL,NULL
2025-05-04,NULL,NULL
2025-05-05,NULL,NULL
2025-05-06,NULL,NULL
2025-05-07,NULL,NULL
2025-05-08,NULL,NULL
2025-05-09,NULL,NULL
2025-05-10,NULL,NULL
2025-05-11,NULL,NULL
2025-05-12,NULL,NULL
2025-05-13,NULL,NULL
2025-05-14,NULL,NULL
2025-05-15,NULL,NULL
2025-05-16,NULL,NULL
2025-05-17,NULL,NULL
2025-05-18,NULL,NULL
2025-05-19,NULL,NULL
2025-05-20,NULL,NULL
2025-05-21,NULL,NULL
2025-05-22,NULL,NULL
2025-05-23,NULL,NULL
2025-05-24,NULL,NULL
2025-05-25,NULL,NULL
2025-05-26,NULL,NULL
2025-05-27,NULL,NULL
2025-05-28,NULL,NULL
2025-05-29,NULL,NULL
2025-05-30,NULL,NULL
2025-05-31,NULL,NULL
2025-06-01,NULL,NULL
2025-06-02,NULL,NULL
2025-06-03,NULL,NULL
2025-06-04,NULL,NULL
2025-06-05,NULL,NULL
2025-06-06,NULL,NULL
2025-06-07,NULL,NULL
2025-06-08,NULL,NULL
2025-06-09,NULL,NULL
2025-06-10,NULL,NULL
2025-06-11,NULL,NULL
2025-06-12,NULL,NULL
2025-06-13,NULL,NULL
2025-06-14,NULL,NULL
2025-06-15,NULL,NULL
2025-06-16,NULL,NULL
2025-06-17,NULL,NULL
2025-06-18,NULL,NULL
2025-06-19,NULL,NULL
2025-06-20,NULL,NULL
2025-06-21,NULL,NULL
2025-06-22,NULL,NULL
2025-06-23,NULL,NULL
2025-06-24,NULL,NULL
2025-06-25,NULL,NULL
2025-06-26,NULL,NULL
2025-06-27,NULL,NULL
2025-06-28,NULL,NULL
2025-06-29,NULL,NULL
2025-06-30,NULL,NULL
2025-07-01,NULL,NULL
2025-07-02,NULL,NULL
2025-07-03,NULL,NULL
2025-07-04,NULL,NULL
2025-07-05,NULL,NULL
2025-07-06,NULL,NULL
2025-07-07,NULL,NULL
2025-07-08,NULL,NULL
2025-07-09,NULL,NULL
2025-07-10,NULL,NULL
2025-07-11,NULL,NULL
2025-07-12,NULL,NULL
2025-07-13,NULL,NULL
2025-07-14,NULL,NULL
2025-07-15,NULL,NULL
2025-07-16,NULL,NULL
2025-07-17,NULL,NULL
2025-07-18,NULL,NULL
2025-07-19,NULL,NULL
2025-07-20,NULL,NULL
2025-07-21,NULL,NULL
2025-07-22,NULL,NULL
2025-07-23,NULL,NULL
2025-07-24,NULL,NULL
2025-07-25,NULL,NULL
2025-07-26,NULL,NULL
2025-07-27,NULL,NULL
2025-07-28,NULL,NULL
2025-07-29,NULL,NULL
2025-07-30,NULL,NULL
2025-07-31,NULL,NULL
2025-08-01,NULL,NULL
2025-08-02,NULL,NULL
2025-08-03,NULL,NULL
2025-08-04,NULL,NULL
2025-08-05,NULL,NULL
2025-08-06,NULL,NULL
2025-08-07,NULL,NULL
2025-08-08,NULL,NULL
2025-08-09,NULL,NULL
2025-08-10,NULL,NULL
2025-08-11,NULL,NULL
2025-08-12,NULL,NULL
2025-08-13,NULL,NULL
2025-08-14,NULL,NULL
2025-08-15,NULL,NULL
2025-08-16,NULL,NULL
2025-08-17,NULL,NULL
2025-08-18,NULL,NULL
2025-08-19,NULL,NULL
2025-08-20,NULL,NULL
2025-08-21,NULL,NULL
2025-08-22,NULL,NULL
2025-08-23,NULL,NULL
2025-08-24,NULL,NULL
2025-08-25,NULL,NULL
2025-08-26,NULL,NULL
2025-08-27,NULL,NULL
2025-08-28,NULL,NULL
2025-08-29,NULL,NULL
2025-08-30,NULL,NULL
2025-08-31,NULL,NULL
2025-09-01,NULL,NULL
2025-09-02,NULL,NULL
2025-09-03,NULL,NULL
2025-09-04,NULL,NULL
2025-09-05,NULL,NULL
2025-09-06,NULL,NULL
2025-09-07,NULL,NULL
2025-09-08,NULL,NULL
2025-09-09,NULL,NULL
2025-09-10,NULL,NULL
2025-09-11,NULL,NULL
2025-09-12,NULL,NULL
2025-09-13,NULL,NULL
2025-09-14,NULL,NULL
2025-09-15,NULL,NULL
2025-09-16,NULL,NULL
2025-09-17,NULL,NULL
2025-09-18,NULL,NULL
2025-09-19,NULL,NULL
2025-09-20,NULL,NULL
2025-09-21,NULL,NULL
2025-09-22,NULL,NULL
2025-09-23,NULL,NULL
2025-09-24,NULL,NULL
2025-09-25,NULL,NULL
2025-09-26,NULL,NULL
2025-09-27,NULL,NULL
2025-09-28,NULL,NULL
2025-09-30,NULL,NULL
2025-10-05,NULL,NULL
2025-10-12,NULL,NULL
2025-10-19,NULL,NULL
2025-10-26,NULL,NULL
2025-10-31,NULL,NULL
2025-11-02,NULL,NULL
2025-11-09,NULL,NULL
2025-11-16,NULL,NULL
2025-11-23,NULL,NULL
2025-11-30,NULL,NULL
2025-12-07,NULL,NULL
2025-12-14,NULL,NULL
2025-12-21,NULL,NULL
2025-12-28,NULL,NULL
2025-12-31,NULL,NULL
