date,global_total_cases,global_total_deaths
2020-01-01,NULL,NULL
2020-01-02,NULL,NULL
2020-01-03,NULL,NULL
2020-01-04,3,0
2020-01-05,2,3
2020-01-06,5,3
2020-01-07,5,3
2020-01-08,6,3
2020-01-09,6,3
2020-01-10,6,3
2020-01-11,6,3
2020-01-12,47,4
2020-01-13,48,4
2020-01-14,53,4
2020-01-15,53,4
2020-01-16,53,4
2020-01-17,54,5
2020-01-18,58,5
2020-01-19,137,6
2020-01-20,215,7
2020-01-21,308,9
2020-01-22,456,20
2020-01-23,586,21
2020-01-24,857,29
2020-01-25,1330,45
2020-01-26,2032,62
2020-01-27,2822,88
2020-01-28,4597,137
2020-01-29,6070,139
2020-01-30,7828,177
2020-01-31,9834,219
2020-02-01,11952,266
2020-02-02,14566,372
2020-02-03,17402,436
2020-02-04,20649,503
2020-02-05,24591,575
2020-02-06,28303,645
2020-02-07,31458,730
2020-02-08,34859,817
2020-02-09,37558,917
2020-02-10,40551,1024
2020-02-11,43030,1124
2020-02-12,45060,1129
2020-02-13,60228,1382
2020-02-14,64296,1534
2020-02-15,66960,1676
2020-02-16,69000,1781
2020-02-17,71063,1879
2020-02-18,72967,2018
2020-02-19,74766,2131
2020-02-20,75190,2256
2020-02-21,76184,2256
2020-02-22,77252,2465
2020-02-23,78242,2471
2020-02-24,78758,2630
2020-02-25,79556,2709
2020-02-26,80401,2771
2020-02-27,81490,2809
2020-02-28,82692,2866
2020-02-29,84508,2930
2020-03-01,86510,2985
2020-03-02,88450,3053
2020-03-03,90246,3121
2020-03-04,92461,3208
2020-03-05,94626,3297
2020-03-06,97120,3395
2020-03-07,100370,3497
2020-03-08,106716,3635
2020-03-09,109984,3858
2020-03-10,113845,4031
2020-03-11,117770,4300
2020-03-12,123778,4605
2020-03-13,130521,4925
2020-03-14,137837,5326
2020-03-15,167145,6289
2020-03-16,175710,6853
2020-03-17,186064,7441
2020-03-18,197593,8078
2020-03-19,211765,8870
2020-03-20,228796,9693
2020-03-21,249288,10757
2020-03-22,338412,15986
2020-03-23,360852,17179
2020-03-24,387388,18415
2020-03-25,417391,19911
2020-03-26,448665,21509
2020-03-27,486656,23339
2020-03-28,531305,25598
2020-03-29,689774,38270
2020-03-30,732978,40689
2020-03-31,781863,43589
2020-04-01,825761,46615
2020-04-02,877793,50036
2020-04-03,936694,53831
2020-04-04,997479,57962
2020-04-05,1155876,75112
2020-04-06,1215647,79512
2020-04-07,1270298,84390
2020-04-08,1330666,89110
2020-04-09,1394237,94402
2020-04-10,1463847,100106
2020-04-11,1536533,105714
2020-04-12,1679945,122785
2020-04-13,1744257,128286
2020-04-14,1801915,133495
2020-04-15,1859027,138872
2020-04-16,1921488,144739
2020-04-17,1988500,150954
2020-04-18,2062457,158270
2020-04-19,2186711,172738
2020-04-20,2253071,177825
2020-04-21,2317657,183005
2020-04-22,2382908,188470
2020-04-23,2449776,194378
2020-04-24,2522245,199962
2020-04-25,2611390,205451
2020-04-26,2726697,217141
2020-04-27,2802727,222095
2020-04-28,2867965,226729
2020-04-29,2933066,231662
2020-04-30,3003692,237118
2020-05-01,3079649,242844
2020-05-02,3163380,248440
2020-05-03,3272123,258270
2020-05-04,3349696,263063
2020-05-05,3426067,267513
2020-05-06,3498658,271937
2020-05-07,3573713,277978
2020-05-08,3658539,283769
2020-05-09,3746028,289321
2020-05-10,3853351,297187
2020-05-11,3939057,302355
2020-05-12,4009341,306546
2020-05-13,4085272,310678
2020-05-14,4168146,315776
2020-05-15,4251991,320701
2020-05-16,4350806,326202
2020-05-17,4463547,333348
2020-05-18,4557243,338036
2020-05-19,4633887,341966
2020-05-20,4725588,346272
2020-05-21,4825820,351366
2020-05-22,4931190,356370
2020-05-23,5035071,361301
2020-05-24,5159929,368091
2020-05-25,5255404,372316
2020-05-26,5346490,376372
2020-05-27,5433599,380518
2020-05-28,5530044,385115
2020-05-29,5635541,390196
2020-05-30,5753382,395489
2020-05-31,5888499,401456
2020-06-01,6013583,406091
2020-06-02,6120695,410243
2020-06-03,6217475,414474
2020-06-04,6339054,419712
2020-06-05,6463060,425147
2020-06-06,6587602,430614
2020-06-07,6732403,436335
2020-06-08,6855652,441336
2020-06-09,6963398,445373
2020-06-10,7069905,449894
2020-06-11,7198879,455216
2020-06-12,7336976,460691
2020-06-13,7476048,466135
2020-06-14,7633762,471602
2020-06-15,7763963,476319
2020-06-16,7880484,480713
2020-06-17,8001213,486730
2020-06-18,8180634,492238
2020-06-19,8325084,497829
2020-06-20,8465102,503346
2020-06-21,8662746,509044
2020-06-22,8815054,514092
2020-06-23,8943099,518170
2020-06-24,9081343,522439
2020-06-25,9251424,527968
2020-06-26,9427960,533299
2020-06-27,9610182,540310
2020-06-28,9819195,545759
2020-06-29,9994711,550729
2020-06-30,10150484,555096
2020-07-01,10317190,559947
2020-07-02,10498226,565209
2020-07-03,10706249,570534
2020-07-04,10916934,576061
2020-07-05,11146542,582121
2020-07-06,11334487,587336
2020-07-07,11498729,592024
2020-07-08,11671697,597057
2020-07-09,11882399,602911
2020-07-10,12104427,608817
2020-07-11,12322997,614769
2020-07-12,12573393,620906
2020-07-13,12788752,626721
2020-07-14,12979380,631866
2020-07-15,13168109,637170
2020-07-16,13395233,643335
2020-07-17,13635011,649826
2020-07-18,13876814,657026
2020-07-19,14146079,663456
2020-07-20,14372147,669437
2020-07-21,14573057,674953
2020-07-22,14777861,680520
2020-07-23,15021244,688104
2020-07-24,15306463,694595
2020-07-25,15583547,701309
2020-07-26,15887368,708237
2020-07-27,16135071,714501
2020-07-28,16346277,720037
2020-07-29,16569336,726010
2020-07-30,16823832,732328
2020-07-31,17117694,739500
2020-08-01,17401235,746101
2020-08-02,17725989,753054
2020-08-03,17975006,759628
2020-08-04,18193120,765395
2020-08-05,18405425,771244
2020-08-06,18668734,778067
2020-08-07,18950623,785142
2020-08-08,19223279,791770
2020-08-09,19564026,798741
2020-08-10,19817542,805205
2020-08-11,20029846,810787
2020-08-12,20250744,816321
2020-08-13,20531056,823086
2020-08-14,20810152,829920
2020-08-15,21094425,836512
2020-08-16,21448924,843425
2020-08-17,21690399,849255
2020-08-18,21901176,854677
2020-08-19,22121510,860264
2020-08-20,22385976,866721
2020-08-21,22657774,873449
2020-08-22,22920591,879583
2020-08-23,23272070,886131
2020-08-24,23517308,892012
2020-08-25,23728052,897188
2020-08-26,23945761,902519
2020-08-27,24213016,908896
2020-08-28,24484862,915219
2020-08-29,24752564,920981
2020-08-30,25146779,927592
2020-08-31,25403530,933324
2020-09-01,25613113,938072
2020-09-02,25867680,943126
2020-09-03,26133806,949276
2020-09-04,26411692,955428
2020-09-05,26688962,961074
2020-09-06,27131246,967588
2020-09-07,27378737,976697
2020-09-08,27593113,983247
2020-09-09,27814369,987858
2020-09-10,28060864,992794
2020-09-11,28337195,998622
2020-09-12,28620142,1004250
2020-09-13,29087239,1010829
2020-09-14,29351518,1016046
2020-09-15,29580509,1021009
2020-09-16,29825463,1025734
2020-09-17,30103569,1031453
2020-09-18,30395411,1037397
2020-09-19,30681824,1042751
2020-09-20,31182980,1049871
2020-09-21,31447895,1054865
2020-09-22,31673698,1059322
2020-09-23,31925638,1064027
2020-09-24,32216943,1069371
2020-09-25,32503520,1074922
2020-09-26,32790513,1080426
2020-09-27,33286679,1087589
2020-09-28,33550105,1092662
2020-09-29,33774036,1097023
2020-09-30,34027922,1101626
2020-10-01,34318515,1107218
2020-10-02,34616558,1112835
2020-10-03,34910746,1117870
2020-10-04,35419554,1125160
2020-10-05,35692511,1130002
2020-10-06,35922334,1134512
2020-10-07,36194525,1139110
2020-10-08,36515776,1144557
2020-10-09,36829884,1150377
2020-10-10,37150122,1155600
2020-10-11,37784437,1163286
2020-10-12,38069264,1167916
2020-10-13,38322635,1172382
2020-10-14,38615023,1176802
2020-10-15,38929320,1181539
2020-10-16,39268541,1186939
2020-10-17,39609578,1192333
2020-10-18,40382540,1201372
2020-10-19,40686120,1206197
2020-10-20,40959765,1210952
2020-10-21,41302495,1216008
2020-10-22,41673434,1221651
2020-10-23,42059584,1227721
2020-10-24,42451007,1233376
2020-10-25,43473310,1244387
2020-10-26,43825331,1249793
2020-10-27,44129201,1254769
2020-10-28,44514902,1260263
2020-10-29,44932401,1266334
2020-10-30,45360893,1272658
2020-10-31,45798117,1278938
2020-11-01,46999664,1293880
2020-11-02,47379416,1299837
2020-11-03,47786236,1305444
2020-11-04,48200065,1311630
2020-11-05,48648037,1318689
2020-11-06,49130072,1326249
2020-11-07,49620087,1333976
2020-11-08,50857111,1352931
2020-11-09,51298236,1359345
2020-11-10,51694342,1365755
2020-11-11,52159567,1372901
2020-11-12,52672247,1380930
2020-11-13,53216596,1388842
2020-11-14,53754200,1397031
2020-11-15,54906226,1418351
2020-11-16,55384506,1426391
2020-11-17,55804717,1433165
2020-11-18,56277789,1440458
2020-11-19,56815683,1449387
2020-11-20,57360091,1458531
2020-11-21,57912761,1467885
2020-11-22,59016858,1491825
2020-11-23,59500550,1499960
2020-11-24,59927661,1508068
2020-11-25,60410040,1516747
2020-11-26,60937410,1525989
2020-11-27,61521608,1535879
2020-11-28,62039231,1544930
2020-11-29,63038870,1568000
2020-11-30,63512349,1575932
2020-12-01,63945562,1583936
2020-12-02,64428313,1592664
2020-12-03,64998776,1602547
2020-12-04,65593697,1613055
2020-12-05,66191189,1623417
2020-12-06,67239529,1647444
2020-12-07,67756785,1656133
2020-12-08,68221127,1663909
2020-12-09,68735458,1673115
2020-12-10,69337471,1682864
2020-12-11,69937378,1694030
2020-12-12,70522496,1704120
2020-12-13,71633853,1729905
2020-12-14,72159217,1738910
2020-12-15,72624898,1747413
2020-12-16,73169871,1756874
2020-12-17,73744181,1767309
2020-12-18,74386167,1778322
2020-12-19,75029422,1789706
2020-12-20,76176152,1815595
2020-12-21,76695609,1825151
2020-12-22,77172885,1833818
2020-12-23,77699247,1843451
2020-12-24,78291669,1854316
2020-12-25,78878303,1865137
2020-12-26,79422569,1875192
2020-12-27,80293964,1897386
2020-12-28,80700830,1905564
2020-12-29,81146425,1914508
2020-12-30,81659886,1924645
2020-12-31,82312579,1936601
2021-01-01,82973505,1948957
2021-01-02,83564147,1960226
2021-01-03,84540436,1983681
2021-01-04,85057873,1992834
2021-01-05,85580175,2001702
2021-01-06,86150533,2012030
2021-01-07,86835535,2024329
2021-01-08,87529947,2036799
2021-01-09,88248569,2050080
2021-01-10,89546822,2076030
2021-01-11,90155760,2087434
2021-01-12,90696773,2098107
2021-01-13,91261228,2109925
2021-01-14,91889275,2123264
2021-01-15,92512005,2137003
2021-01-16,93128205,2150266
2021-01-17,94398595,2176998
2021-01-18,94929985,2189056
2021-01-19,95399171,2200281
2021-01-20,95871569,2212025
2021-01-21,96388177,2224991
2021-01-22,96942043,2239162
2021-01-23,97469278,2252776
2021-01-24,98624135,2280713
2021-01-25,99076912,2292450
2021-01-26,99457080,2303512
2021-01-27,99879059,2315013
2021-01-28,100355187,2328736
2021-01-29,100848903,2342284
2021-01-30,101323347,2355469
2021-01-31,102358500,2381367
2021-02-01,102755861,2392288
2021-02-02,103086827,2402150
2021-02-03,103460690,2412776
2021-02-04,103875329,2424597
2021-02-05,104276884,2436387
2021-02-06,104688246,2447401
2021-02-07,105522590,2470649
2021-02-08,105862782,2480414
2021-02-09,106156761,2488866
2021-02-10,106465684,2498184
2021-02-11,106819824,2508756
2021-02-12,107192667,2519433
2021-02-13,107559354,2530295
2021-02-14,108242087,2552134
2021-02-15,108533150,2561552
2021-02-16,108790579,2569313
2021-02-17,109079667,2577001
2021-02-18,109398848,2585199
2021-02-19,109731521,2594336
2021-02-20,110063223,2603631
2021-02-21,110715321,2620559
2021-02-22,111016908,2628319
2021-02-23,111283367,2635466
2021-02-24,111580828,2643039
2021-02-25,111942901,2651349
2021-02-26,112313234,2660078
2021-02-27,112680452,2669509
2021-02-28,113376080,2684558
2021-03-01,113689721,2692070
2021-03-02,113959550,2698649
2021-03-03,114271127,2705831
2021-03-04,114628760,2713615
2021-03-05,115006073,2722404
2021-03-06,115381186,2730311
2021-03-07,116111347,2745033
2021-03-08,116431268,2752076
2021-03-09,116753449,2758766
2021-03-10,117065365,2765542
2021-03-11,117450789,2773560
2021-03-12,117855649,2782565
2021-03-13,118260489,2791011
2021-03-14,119072221,2805709
2021-03-15,119421837,2813012
2021-03-16,119733316,2819630
2021-03-17,120083404,2826609
2021-03-18,120525864,2835468
2021-03-19,120985272,2844454
2021-03-20,121446044,2853301
2021-03-21,122397933,2868886
2021-03-22,122806780,2878723
2021-03-23,123167995,2885642
2021-03-24,123580522,2893535
2021-03-25,124075419,2903054
2021-03-26,124596977,2911698
2021-03-27,125115698,2920842
2021-03-28,126227888,2937960
2021-03-29,126693278,2946918
2021-03-30,127098427,2955014
2021-03-31,127541164,2963371
2021-04-01,128079381,2973976
2021-04-02,128638376,2984637
2021-04-03,129205696,2995401
2021-04-04,130339905,3013377
2021-04-05,130807874,3021536
2021-04-06,131234506,3028417
2021-04-07,131720057,3036988
2021-04-08,132342792,3049438
2021-04-09,133000765,3061246
2021-04-10,133651792,3073788
2021-04-11,134898160,3093742
2021-04-12,135505935,3103741
2021-04-13,136054032,3113098
2021-04-14,136662981,3122820
2021-04-15,137370923,3135195
2021-04-16,138079568,3147322
2021-04-17,138797045,3159576
2021-04-18,140130621,3179639
2021-04-19,140838199,3191038
2021-04-20,141477334,3201243
2021-04-21,142156430,3212082
2021-04-22,142940325,3225170
2021-04-23,143740938,3238391
2021-04-24,144503710,3250268
2021-04-25,145826309,3271063
2021-04-26,146560958,3283596
2021-04-27,147209538,3294479
2021-04-28,147903056,3306014
2021-04-29,148698106,3320183
2021-04-30,149503113,3333903
2021-05-01,150292349,3347177
2021-05-02,151520056,3367061
2021-05-03,152230440,3379248
2021-05-04,152868737,3389801
2021-05-05,153548873,3401063
2021-05-06,154325825,3414685
2021-05-07,155110652,3427946
2021-05-08,155868539,3440852
2021-05-09,156984360,3459289
2021-05-10,157657696,3471326
2021-05-11,158264440,3482243
2021-05-12,158874256,3493307
2021-05-13,159570776,3505977
2021-05-14,160246328,3518590
2021-05-15,160888357,3530464
2021-05-16,161796165,3546883
2021-05-17,162383977,3558608
2021-05-18,162907784,3569781
2021-05-19,163438574,3581239
2021-05-20,164043114,3593716
2021-05-21,164641567,3606221
2021-05-22,165227061,3618462
2021-05-23,166011648,3633071
2021-05-24,166518547,3644177
2021-05-25,166950817,3653241
2021-05-26,167416673,3663863
2021-05-27,167951069,3675316
2021-05-28,168469635,3686880
2021-05-29,168945148,3697890
2021-05-30,169558899,3711672
2021-05-31,170005018,3721787
2021-06-01,170377432,3730114
2021-06-02,170751957,3739010
2021-06-03,171188339,3749147
2021-06-04,171642363,3759458
2021-06-05,172062605,3769346
2021-06-06,172564637,3780117
2021-06-07,172931809,3788789
2021-06-08,173245346,3796627
2021-06-09,173576196,3804724
2021-06-10,173940027,3818103
2021-06-11,174349357,3829212
2021-06-12,174740816,3840256
2021-06-13,175212346,3851296
2021-06-14,175567865,3861632
2021-06-15,175867084,3869751
2021-06-16,176172695,3877514
2021-06-17,176546921,3887064
2021-06-18,176945780,3896378
2021-06-19,177311009,3904855
2021-06-20,177749119,3914211
2021-06-21,178088195,3922184
2021-06-22,178389534,3928944
2021-06-23,178705952,3935982
2021-06-24,179110045,3944452
2021-06-25,179539375,3952994
2021-06-26,179926072,3961201
2021-06-27,180380853,3970281
2021-06-28,180743175,3977561
2021-06-29,181062513,3984131
2021-06-30,181404260,3990657
2021-07-01,181809324,3998877
2021-07-02,182195939,4007681
2021-07-03,182605880,4015649
2021-07-04,183140844,4023943
2021-07-05,183513247,4031330
2021-07-06,183851635,4037997
2021-07-07,184225240,4045172
2021-07-08,184680973,4053511
2021-07-09,185133110,4061618
2021-07-10,185733262,4069973
2021-07-11,186426757,4078544
2021-07-12,186836466,4086228
2021-07-13,187220068,4094017
2021-07-14,187661850,4101401
2021-07-15,188158985,4109534
2021-07-16,188677898,4117996
2021-07-17,189191226,4126223
2021-07-18,190033550,4134852
2021-07-19,190459189,4142376
2021-07-20,190869552,4149565
2021-07-21,191322213,4169488
2021-07-22,191799392,4177755
2021-07-23,192304012,4186351
2021-07-24,192818368,4195170
2021-07-25,193790225,4204481
2021-07-26,194244700,4213081
2021-07-27,194685538,4221786
2021-07-28,195218627,4230362
2021-07-29,195808502,4240472
2021-07-30,196404416,4250164
2021-07-31,196984281,4259580
2021-08-01,197933692,4269569
2021-08-02,198433069,4278553
2021-08-03,198918212,4287620
2021-08-04,199489118,4296846
2021-08-05,200101489,4306882
2021-08-06,200770183,4317348
2021-08-07,201395334,4327383
2021-08-08,202354538,4338469
2021-08-09,202906515,4348286
2021-08-10,203413461,4357211
2021-08-11,203977410,4366314
2021-08-12,204609044,4376604
2021-08-13,205263088,4386664
2021-08-14,205917204,4396613
2021-08-15,206873477,4408148
2021-08-16,207422786,4418045
2021-08-17,207942233,4426518
2021-08-18,208522835,4435601
2021-08-19,209202378,4446341
2021-08-20,209873105,4457114
2021-08-21,210524529,4466972
2021-08-22,211471306,4479548
2021-08-23,212003297,4489364
2021-08-24,212524535,4497844
2021-08-25,213112702,4507545
2021-08-26,213772939,4518223
2021-08-27,214433099,4528193
2021-08-28,215097477,4538177
2021-08-29,216038759,4550353
2021-08-30,216577844,4559257
2021-08-31,217066081,4568042
2021-09-01,217617933,4577200
2021-09-02,218252548,4586919
2021-09-03,218899666,4596795
2021-09-04,219521681,4606411
2021-09-05,220396766,4618186
2021-09-06,220900141,4627247
2021-09-07,221376486,4635325
2021-09-08,221889006,4643654
2021-09-09,222406301,4651943
2021-09-10,222958999,4660249
2021-09-11,223542559,4669505
2021-09-12,224326519,4680752
2021-09-13,224790973,4689550
2021-09-14,225231169,4696676
2021-09-15,225707350,4704125
2021-09-16,226234584,4713230
2021-09-17,226750890,4722476
2021-09-18,227285946,4730644
2021-09-19,228011189,4741577
2021-09-20,228569793,4749268
2021-09-21,228971253,4755522
2021-09-22,229402570,4762742
2021-09-23,229872974,4771205
2021-09-24,230368557,4778957
2021-09-25,230845589,4786600
2021-09-26,231518174,4796965
2021-09-27,231897735,4803330
2021-09-28,232242466,4809581
2021-09-29,232659817,4816740
2021-09-30,233100853,4824635
2021-10-01,233541340,4832225
2021-10-02,233980761,4839253
2021-10-03,234628399,4849321
2021-10-04,234964858,4854992
2021-10-05,235288293,4860009
2021-10-06,235678395,4865884
2021-10-07,236095546,4873212
2021-10-08,236519768,4880384
2021-10-09,236923406,4886989
2021-10-10,237585282,4897654
2021-10-11,237907579,4902810
2021-10-12,238219566,4908122
2021-10-13,238595025,4913781
2021-10-14,238987488,4920368
2021-10-15,239379155,4926884
2021-10-16,239779145,4933103
2021-10-17,240468692,4943727
2021-10-18,240782998,4948963
2021-10-19,241091780,4953694
2021-10-20,241475090,4960389
2021-10-21,241876514,4966942
2021-10-22,242278022,4973585
2021-10-23,242672056,4979948
2021-10-24,243475023,4993064
2021-10-25,243771247,4998273
2021-10-26,244051254,5002975
2021-10-27,244444948,5009044
2021-10-28,244866466,5016703
2021-10-29,245274926,5023734
2021-10-30,245705294,5030244
2021-10-31,246602759,5043947
2021-11-01,246897619,5048735
2021-11-02,247183935,5053335
2021-11-03,247596017,5059305
2021-11-04,247989715,5065828
2021-11-05,248395491,5071961
2021-11-06,248797475,5078156
2021-11-07,249782952,5093160
2021-11-08,250088859,5098049
2021-11-09,250393646,5102630
2021-11-10,250844104,5108732
2021-11-11,251270659,5115245
2021-11-12,251695959,5121527
2021-11-13,252083303,5127498
2021-11-14,253260851,5143684
2021-11-15,253612340,5149113
2021-11-16,253926417,5153657
2021-11-17,254412231,5159915
2021-11-18,254861841,5166630
2021-11-19,255317914,5173601
2021-11-20,255785812,5182295
2021-11-21,257124163,5198388
2021-11-22,257466277,5203327
2021-11-23,257825872,5208144
2021-11-24,258363441,5214474
2021-11-25,258836773,5221316
2021-11-26,259325578,5227915
2021-11-27,259748185,5233261
2021-11-28,261171392,5248569
2021-11-29,261521931,5253387
2021-11-30,261876198,5258176
2021-12-01,262342211,5264839
2021-12-02,262844706,5271687
2021-12-03,263358841,5278649
2021-12-04,263863482,5284888
2021-12-05,265444672,5302460
2021-12-06,265805517,5307448
2021-12-07,266161383,5312233
2021-12-08,266717782,5318268
2021-12-09,267225125,5325027
2021-12-10,267726980,5331608
2021-12-11,268221594,5337433
2021-12-12,269758600,5352244
2021-12-13,270134886,5356853
2021-12-14,270507895,5361593
2021-12-15,271091705,5367558
2021-12-16,271654293,5374130
2021-12-17,272230113,5380899
2021-12-18,272802169,5386334
2021-12-19,274461246,5399596
2021-12-20,274883592,5403865
2021-12-21,275339344,5408659
2021-12-22,276060941,5414848
2021-12-23,276765116,5421660
2021-12-24,277522739,5428018
2021-12-25,278298308,5435221
2021-12-26,280549803,5446171
2021-12-27,281025368,5450021
2021-12-28,281708821,5454211
2021-12-29,282873829,5460493
2021-12-30,284029646,5467424
2021-12-31,285377906,5473385
2022-01-01,286806367,5478730
2022-01-02,291010663,5488851
2022-01-03,291920410,5492590
2022-01-04,293104192,5496591
2022-01-05,295111215,5502857
2022-01-06,297155932,5510062
2022-01-07,299173732,5516228
2022-01-08,301163574,5522512
2022-01-09,307603234,5534478
2022-01-10,309242734,5538989
2022-01-11,310891589,5544209
2022-01-12,313679694,5551040
2022-01-13,316074140,5559513
2022-01-14,318570865,5566633
2022-01-15,321065758,5573434
2022-01-16,328262583,5586801
2022-01-17,330185633,5593057
2022-01-18,332003159,5598582
2022-01-19,334864039,5605238
2022-01-20,337725726,5613368
2022-01-21,340642804,5622434
2022-01-22,343456898,5630674
2022-01-23,351803171,5646510
2022-01-24,353890148,5652652
2022-01-25,355950236,5659302
2022-01-26,358962820,5667991
2022-01-27,361576934,5677607
2022-01-28,364234807,5687438
2022-01-29,366825280,5696773
2022-01-30,375227186,5714340
2022-01-31,377154483,5722217
2022-02-01,378901290,5729253
2022-02-02,381355409,5739440
2022-02-03,383648173,5751100
2022-02-04,385831594,5761716
2022-02-05,388076913,5771765
2022-02-06,395155110,5790212
2022-02-07,396751647,5798415
2022-02-08,398239957,5805979
2022-02-09,400194400,5816453
2022-02-10,402113177,5828161
2022-02-11,403926858,5838668
2022-02-12,405599751,5848243
2022-02-13,411066798,5866664
2022-02-14,412348509,5873690
2022-02-15,413602190,5880366
2022-02-16,415154918,5889783
2022-02-17,416702333,5899947
2022-02-18,418218824,5910099
2022-02-19,419650915,5919168
2022-02-20,423938244,5936277
2022-02-21,425033927,5942572
2022-02-22,426207931,5948860
2022-02-23,427540889,5955841
2022-02-24,428917604,5965420
2022-02-25,430260659,5974108
2022-02-26,431514120,5982570
2022-02-27,434987996,5995756
2022-02-28,436085204,6002471
2022-03-01,437157965,6007899
2022-03-02,438404153,6015224
2022-03-03,439725632,6021980
2022-03-04,440972184,6029837
2022-03-05,442206871,6036154
2022-03-06,445888167,6047674
2022-03-07,446851893,6052459
2022-03-08,448042369,6057128
2022-03-09,449399038,6062978
2022-03-10,450681195,6069122
2022-03-11,452008483,6075711
2022-03-12,453547892,6081363
2022-03-13,457693606,6091451
2022-03-14,458850244,6095673
2022-03-15,459999983,6099312
2022-03-16,461616535,6100777
2022-03-17,463097781,6106112
2022-03-18,464385788,6111380
2022-03-19,465818343,6116290
2022-03-20,470071914,6125268
2022-03-21,471054245,6128929
2022-03-22,472275214,6143294
2022-03-23,473457081,6147445
2022-03-24,474570947,6151789
2022-03-25,475705642,6156152
2022-03-26,476767798,6164026
2022-03-27,481070153,6171744
2022-03-28,482085197,6174531
2022-03-29,483077384,6177331
2022-03-30,484047647,6180988
2022-03-31,484966537,6184633
2022-04-01,485855658,6188569
2022-04-02,486639296,6191859
2022-04-03,490439270,6198603
2022-04-04,491077322,6200897
2022-04-05,491755146,6203273
2022-04-06,492481927,6205926
2022-04-07,493232248,6208896
2022-04-08,493917355,6212181
2022-04-09,494513076,6215120
2022-04-10,497639399,6221477
2022-04-11,498198249,6223588
2022-04-12,498698404,6225373
2022-04-13,499270292,6227735
2022-04-14,499733369,6230435
2022-04-15,500336798,6232955
2022-04-16,500805208,6235463
2022-04-17,503337167,6240681
2022-04-18,503742547,6242420
2022-04-19,504073983,6243861
2022-04-20,504464147,6245810
2022-04-21,504966504,6248046
2022-04-22,505444081,6250446
2022-04-23,505847832,6252712
2022-04-24,508040384,6257513
2022-04-25,508358217,6259000
2022-04-26,508690475,6261722
2022-04-27,509043198,6263305
2022-04-28,509471472,6265366
2022-04-29,509858707,6267548
2022-04-30,510194625,6269183
2022-05-01,512039254,6273777
2022-05-02,512302771,6275180
2022-05-03,512548180,6276281
2022-05-04,512874878,6277547
2022-05-05,513221111,6279427
2022-05-06,513587826,6281357
2022-05-07,513963586,6282828
2022-05-08,515658351,6286683
2022-05-09,515940692,6287775
2022-05-10,516223260,6288596
2022-05-11,516638051,6289821
2022-05-12,517061495,6291469
2022-05-13,517495770,6293051
2022-05-14,517881823,6294389
2022-05-15,519622528,6297884
2022-05-16,519900613,6298918
2022-05-17,520170788,6299748
2022-05-18,520602086,6301015
2022-05-19,521054480,6302531
2022-05-20,521489991,6303961
2022-05-21,521870713,6305091
2022-05-22,523404616,6308264
2022-05-23,523657308,6309123
2022-05-24,523934241,6309941
2022-05-25,524315200,6311212
2022-05-26,524732568,6312794
2022-05-27,525136827,6314410
2022-05-28,525511051,6315727
2022-05-29,526791505,6318600
2022-05-30,527033098,6319505
2022-05-31,527265123,6320188
2022-06-01,527574168,6321279
2022-06-02,528004359,6322588
2022-06-03,528396585,6323975
2022-06-04,528729062,6325130
2022-06-05,530050506,6327871
2022-06-06,530266903,6328582
2022-06-07,530510684,6329357
2022-06-08,530893198,6330465
2022-06-09,531341238,6331920
2022-06-10,531758013,6333600
2022-06-11,532162916,6334659
2022-06-12,533573613,6337251
2022-06-13,533803327,6338041
2022-06-14,534045519,6338724
2022-06-15,534436058,6339769
2022-06-16,534858143,6340937
2022-06-17,535315583,6342495
2022-06-18,535725321,6343304
2022-06-19,537344034,6346086
2022-06-20,537600327,6346895
2022-06-21,537857627,6347720
2022-06-22,538268096,6348633
2022-06-23,538795369,6350090
2022-06-24,539306704,6351538
2022-06-25,539812494,6353260
2022-06-26,541935956,6356488
2022-06-27,542261974,6357548
2022-06-28,542573356,6358276
2022-06-29,543059016,6359389
2022-06-30,543680387,6360993
2022-07-01,544270646,6362488
2022-07-02,544879824,6364183
2022-07-03,547217387,6367834
2022-07-04,547852953,6368948
2022-07-05,548188713,6369770
2022-07-06,548758682,6370827
2022-07-07,549438578,6372488
2022-07-08,550122408,6374333
2022-07-09,550816329,6376224
2022-07-10,553558944,6380310
2022-07-11,554301433,6381588
2022-07-12,554723323,6382532
2022-07-13,555448547,6384009
2022-07-14,556226757,6385894
2022-07-15,556999588,6387970
2022-07-16,557794451,6390055
2022-07-17,560537087,6394965
2022-07-18,561372871,6396431
2022-07-19,561836046,6397617
2022-07-20,562568646,6399273
2022-07-21,563379671,6401487
2022-07-22,564211429,6403726
2022-07-23,565075747,6406160
2022-07-24,567710358,6411528
2022-07-25,568624505,6413384
2022-07-26,569180419,6414731
2022-07-27,569977379,6416570
2022-07-28,570808722,6418782
2022-07-29,571658368,6421019
2022-07-30,572514689,6423680
2022-07-31,574914707,6429253
2022-08-01,575709669,6430742
2022-08-02,576248893,6432076
2022-08-03,577031823,6434101
2022-08-04,577854472,6436436
2022-08-05,579079833,6438666
2022-08-06,579903658,6441345
2022-08-07,581859842,6446403
2022-08-08,582567779,6447999
2022-08-09,583103652,6449421
2022-08-10,583842676,6451349
2022-08-11,584620447,6454007
2022-08-12,585416516,6456238
2022-08-13,586167872,6458847
2022-08-14,587612228,6463710
2022-08-15,588225161,6465291
2022-08-16,588649538,6466603
2022-08-17,589337004,6468524
2022-08-18,590112282,6470774
2022-08-19,590888314,6473140
2022-08-20,591667725,6475637
2022-08-21,592998219,6479684
2022-08-22,593593903,6481190
2022-08-23,594121556,6482570
2022-08-24,594773188,6484418
2022-08-25,595482118,6486578
2022-08-26,596182247,6488846
2022-08-27,596823375,6491143
2022-08-28,597763837,6494875
2022-08-29,598415059,6496260
2022-08-30,598831619,6497542
2022-08-31,599383955,6499240
2022-09-01,599977850,6501302
2022-09-02,600564671,6503393
2022-09-03,601107385,6505638
2022-09-04,602053521,6508788
2022-09-05,602449270,6510065
2022-09-06,602805764,6511214
2022-09-07,603211861,6512401
2022-09-08,603743350,6514107
2022-09-09,604216507,6515730
2022-09-10,604567537,6517469
2022-09-11,605322804,6520187
2022-09-12,605858991,6521222
2022-09-13,606148113,6522176
2022-09-14,606598902,6523424
2022-09-15,607045011,6524953
2022-09-16,607490027,6526739
2022-09-17,607857833,6528615
2022-09-18,608718508,6530918
2022-09-19,609167630,6531735
2022-09-20,609429949,6532498
2022-09-21,609789588,6533626
2022-09-22,610125478,6535141
2022-09-23,610522753,6536577
2022-09-24,610931844,6538458
2022-09-25,611936801,6541029
2022-09-26,612205110,6541707
2022-09-27,612464193,6542484
2022-09-28,612765659,6543563
2022-09-29,613125378,6544814
2022-09-30,613487832,6546739
2022-10-01,613911443,6548349
2022-10-02,615167537,6551238
2022-10-03,615385728,6552189
2022-10-04,615572589,6553003
2022-10-05,615913594,6554062
2022-10-06,616243699,6555428
2022-10-07,616569773,6557149
2022-10-08,616946504,6558831
2022-10-09,618386102,6562427
2022-10-10,618602338,6563234
2022-10-11,618787875,6564018
2022-10-12,619111053,6565053
2022-10-13,619433612,6566311
2022-10-14,619755062,6567827
2022-10-15,620084874,6569579
2022-10-16,621561651,6573308
2022-10-17,621777602,6574073
2022-10-18,621976345,6574801
2022-10-19,622287980,6576036
2022-10-20,622571137,6577351
2022-10-21,622797285,6578172
2022-10-22,623220825,6581559
2022-10-23,624459263,6585140
2022-10-24,624634522,6585791
2022-10-25,624824596,6586444
2022-10-26,625081650,6587459
2022-10-27,625312655,6588270
2022-10-28,625787338,6592196
2022-10-29,626070249,6593433
2022-10-30,626993666,6596643
2022-10-31,627169105,6597305
2022-11-01,627376503,6597968
2022-11-02,627636895,6600111
2022-11-03,627861932,6600857
2022-11-04,628344701,6603993
2022-11-05,628601324,6605171
2022-11-06,629328237,6607807
2022-11-07,629521972,6608523
2022-11-08,629770372,6609164
2022-11-09,629960861,6609854
2022-11-10,630231817,6610653
2022-11-11,630773958,6613731
2022-11-12,631117970,6614790
2022-11-13,631817393,6617313
2022-11-14,632044291,6617970
2022-11-15,632324185,6618650
2022-11-16,632633852,6619376
2022-11-17,632908179,6620159
2022-11-18,633372105,6623122
2022-11-19,633756556,6624154
2022-11-20,634499427,6626675
2022-11-21,634750030,6627363
2022-11-22,635028315,6627982
2022-11-23,635382719,6628759
2022-11-24,635639991,6629684
2022-11-25,636145325,6633252
2022-11-26,636599096,6634327
2022-11-27,637477039,6636892
2022-11-28,637740911,6637634
2022-11-29,638046660,6638471
2022-11-30,638404921,6639354
2022-12-01,638751605,6640179
2022-12-02,639391213,6642863
2022-12-03,639726519,6644132
2022-12-04,640714046,6647030
2022-12-05,641016023,6647911
2022-12-06,641323230,6648738
2022-12-07,641710841,6649830
2022-12-08,642133713,6650946
2022-12-09,642966612,6655174
2022-12-10,643764804,6656526
2022-12-11,645329204,6659838
2022-12-12,646400170,6660885
2022-12-13,647628534,6661896
2022-12-14,649107196,6663240
2022-12-15,650671212,6664314
2022-12-16,653338277,6668573
2022-12-17,656035244,6670271
2022-12-18,660306701,6674537
2022-12-19,664671532,6675972
2022-12-20,670115678,6677387
2022-12-21,676452416,6679199
2022-12-22,683295591,6681249
2022-12-23,691148499,6686344
2022-12-24,697876247,6689056
2022-12-25,704542906,6694853
2022-12-26,709485762,6697380
2022-12-27,714352610,6699389
2022-12-28,719165087,6702556
2022-12-29,722895579,6706110
2022-12-30,726604176,6712772
2022-12-31,729387643,6719422
2023-01-01,732275598,6727230
2023-01-02,734113189,6732448
2023-01-03,735583505,6737617
2023-01-04,737217110,6743184
2023-01-05,738725147,6743996
2023-01-06,740598392,6747586
2023-01-07,741872141,6748769
2023-01-08,743255597,6751798
2023-01-09,744137211,6752474
2023-01-10,744735847,6752985
2023-01-11,745354314,6753736
2023-01-12,745994709,6754290
2023-01-13,747017976,6759352
2023-01-14,747513313,6760457
2023-01-15,748142542,6762693
2023-01-16,748512821,6763318
2023-01-17,748750666,6763793
2023-01-18,749103459,6764320
2023-01-19,749429183,6764857
2023-01-20,750011986,6769222
2023-01-21,750285762,6770475
2023-01-22,750657424,6772410
2023-01-23,750827489,6772870
2023-01-24,750935296,6773240
2023-01-25,751112749,6773687
2023-01-26,751304049,6774173
2023-01-27,751763366,6778494
2023-01-28,751926466,6779211
2023-01-29,752216917,6780809
2023-01-30,752351907,6781181
2023-01-31,752418204,6781545
2023-02-01,752594346,6838712
2023-02-02,752724390,6839855
2023-02-03,753157030,6847554
2023-02-04,753335373,6848556
2023-02-05,753602548,6850497
2023-02-06,753710216,6851123
2023-02-07,753793621,6851668
2023-02-08,753927975,6852330
2023-02-09,754061870,6853940
2023-02-10,754469416,6857985
2023-02-11,754594133,6858855
2023-02-12,754849849,6860601
2023-02-13,754940076,6861042
2023-02-14,755011779,6861516
2023-02-15,755146818,6862215
2023-02-16,755255511,6862903
2023-02-17,755613260,6866374
2023-02-18,755712554,6867182
2023-02-19,755995591,6869142
2023-02-20,756093719,6869540
2023-02-21,756159511,6869959
2023-02-22,756258936,6870449
2023-02-23,756356468,6870914
2023-02-24,756450393,6871639
2023-02-25,756802789,6875037
2023-02-26,757068403,6876914
2023-02-27,757191972,6877336
2023-02-28,757249271,6877747
2023-03-01,757348605,6878234
2023-03-02,757448874,6878759
2023-03-03,757550657,6879300
2023-03-04,757857041,6882292
2023-03-05,758096823,6883919
2023-03-06,758223332,6884381
2023-03-07,758281498,6884742
2023-03-08,758368145,6885181
2023-03-09,758450966,6885647
2023-03-10,758528172,6886039
2023-03-11,758776751,6888647
2023-03-12,758991647,6890261
2023-03-13,759151535,6890977
2023-03-14,759208851,6891396
2023-03-15,759292107,6891870
2023-03-16,759372856,6892242
2023-03-17,759440862,6892678
2023-03-18,759649801,6895103
2023-03-19,759870869,6896885
2023-03-20,760024469,6897568
2023-03-21,760078172,6897973
2023-03-22,760145926,6898401
2023-03-23,760210885,6898863
2023-03-24,760273721,6899224
2023-03-25,760499537,6901849
2023-03-26,760704006,6903596
2023-03-27,760799713,6904048
2023-03-28,760844503,6900869
2023-03-29,760907219,6901251
2023-03-30,761021499,6901941
2023-03-31,761071432,6902388
2023-04-01,761305116,6904642
2023-04-02,761503540,6906135
2023-04-03,761610075,6906509
2023-04-04,761645529,6906718
2023-04-05,761699723,6907006
2023-04-06,761754074,6907371
2023-04-07,761803779,6907615
2023-04-08,761851939,6907950
2023-04-09,762204602,6911756
2023-04-10,762298171,6912141
2023-04-11,762335211,6912380
2023-04-12,762386942,6912736
2023-04-13,762445862,6913035
2023-04-14,762502471,6913334
2023-04-15,762556054,6913688
2023-04-16,762899414,6916998
2023-04-17,763012405,6917401
2023-04-18,763057109,6917664
2023-04-19,763119809,6917949
2023-04-20,763182771,6918302
2023-04-21,763242800,6918587
2023-04-22,763300311,6918839
2023-04-23,763637029,6922271
2023-04-24,763749268,6922694
2023-04-25,763790949,6922960
2023-04-26,763851202,6923227
2023-04-27,763908548,6923499
2023-04-28,763965853,6923793
2023-04-29,764021837,6924072
2023-04-30,764321640,6927005
2023-05-01,764427005,6927366
2023-05-02,764465909,6927588
2023-05-03,764522343,6927833
2023-05-04,764583331,6928099
2023-05-05,764635576,6928352
2023-05-06,764676042,6928614
2023-05-07,764931086,6931729
2023-05-08,765056043,6932092
2023-05-09,765102800,6932301
2023-05-10,765145221,6932508
2023-05-11,765183074,6932715
2023-05-12,765222477,6932896
2023-05-13,765258745,6933137
2023-05-14,765497986,6936793
2023-05-15,765611098,6937141
2023-05-16,765647597,6938111
2023-05-17,765685822,6938255
2023-05-18,765720274,6938426
2023-05-19,765751230,6938557
2023-05-20,765780603,6938770
2023-05-21,765869866,6939646
2023-05-22,765990186,6940037
2023-05-23,766022925,6940976
2023-05-24,766057639,6941116
2023-05-25,766087786,6941325
2023-05-26,766116332,6941413
2023-05-27,766143574,6941506
2023-05-28,766216914,6942378
2023-05-29,766312476,6942691
2023-05-30,766354345,6943503
2023-05-31,766386138,6943588
2023-06-01,766419562,6943673
2023-06-02,766445551,6943814
2023-06-03,766458105,6943995
2023-06-04,766506868,6944790
2023-06-05,766611390,6945113
2023-06-06,766619356,6945874
2023-06-07,766651991,6945967
2023-06-08,766674504,6946045
2023-06-09,766699923,6946126
2023-06-10,766729512,6946254
2023-06-11,766787456,6947179
2023-06-12,766869362,6947391
2023-06-13,766880479,6948104
2023-06-14,766885121,6948157
2023-06-15,766889270,6948225
2023-06-16,766893152,6948287
2023-06-17,766899972,6948412
2023-06-18,766930380,6949035
2023-06-19,767087958,6949240
2023-06-20,767093529,6949904
2023-06-21,767097035,6949951
2023-06-22,767100131,6949993
2023-06-23,767104610,6950033
2023-06-24,767109059,6950194
2023-06-25,767135417,6950603
2023-06-26,767286440,6950789
2023-06-27,767291463,6951412
2023-06-28,767293991,6951448
2023-06-29,767296409,6951482
2023-06-30,767299003,6951500
2023-07-01,767302339,6951573
2023-07-02,767311903,6951744
2023-07-03,767471775,6952003
2023-07-04,767480643,6952573
2023-07-05,767482414,6952598
2023-07-06,767484187,6952619
2023-07-07,767485928,6952642
2023-07-08,767488594,6952689
2023-07-09,767494278,6952814
2023-07-10,767678486,6952952
2023-07-11,767682275,6953531
2023-07-12,767684234,6953564
2023-07-13,767686001,6953581
2023-07-14,767687779,6953599
2023-07-15,767689980,6953649
2023-07-16,767695743,6953746
2023-07-17,767927055,6953888
2023-07-18,767930815,6954511
2023-07-19,767932839,6954537
2023-07-20,767934766,6954562
2023-07-21,767936737,6954582
2023-07-22,767939290,6954605
2023-07-23,767945891,6954688
2023-07-24,768237342,6954922
2023-07-25,768244461,6955582
2023-07-26,768246736,6955602
2023-07-27,768248895,6955622
2023-07-28,768251094,6955652
2023-07-29,768253800,6955681
2023-07-30,768262888,6955790
2023-07-31,768600390,6956097
2023-08-01,768940201,6956875
2023-08-02,768943229,6957112
2023-08-03,768946115,6957150
2023-08-04,768949242,6957189
2023-08-05,768952688,6957228
2023-08-06,768964556,6957358
2023-08-07,769001456,6957476
2023-08-08,769072609,6958374
2023-08-09,769075749,6958417
2023-08-10,769078778,6958448
2023-08-11,769082068,6958484
2023-08-12,769085829,6958551
2023-08-13,769098492,6958681
2023-08-14,769334664,6958974
2023-08-15,769345110,6960030
2023-08-16,769348823,6960069
2023-08-17,769351814,6960109
2023-08-18,769355941,6960160
2023-08-19,769361154,6960224
2023-08-20,769377097,6960363
2023-08-21,769681262,6960649
2023-08-22,769692174,6961983
2023-08-23,769697926,6962034
2023-08-24,769703157,6962083
2023-08-25,769707891,6962129
2023-08-26,769713556,6962196
2023-08-27,769733955,6962386
2023-08-28,770012811,6962500
2023-08-29,770024868,6963832
2023-08-30,770031206,6963884
2023-08-31,770036821,6963943
2023-09-01,770042641,6964002
2023-09-02,770049305,6964149
2023-09-03,770074072,6964310
2023-09-04,770229172,6964582
2023-09-05,770244730,6966075
2023-09-06,770254025,6966126
2023-09-07,770262069,6966205
2023-09-08,770269605,6966287
2023-09-09,770278083,6966347
2023-09-10,770307277,6966587
2023-09-11,770332251,6966751
2023-09-12,770351792,6968349
2023-09-13,770364255,6968411
2023-09-14,770374153,6968485
2023-09-15,770383118,6968558
2023-09-16,770392080,6968635
2023-09-17,770427853,6968862
2023-09-18,770451831,6969018
2023-09-19,770478027,6970635
2023-09-20,770490993,6970716
2023-09-21,770501561,6970795
2023-09-22,770512481,6970881
2023-09-23,770522312,6970948
2023-09-24,770564701,6971215
2023-09-25,770599194,6971370
2023-09-26,770630673,6973094
2023-09-27,770644291,6973170
2023-09-28,770656507,6973257
2023-09-29,770668590,6973344
2023-09-30,770680027,6973479
2023-10-01,770722190,6973742
2023-10-02,770762688,6974050
2023-10-03,770797212,6975735
2023-10-04,770813411,6975823
2023-10-05,770826687,6975904
2023-10-06,770838562,6976012
2023-10-07,770849492,6976114
2023-10-08,770889341,6976414
2023-10-09,770924523,6976618
2023-10-10,770958053,6978190
2023-10-11,770971657,6978290
2023-10-12,770983640,6978398
2023-10-13,770994165,6978512
2023-10-14,771003205,6978619
2023-10-15,771040438,6978981
2023-10-16,771075194,6979239
2023-10-17,771110795,6980937
2023-10-18,771122193,6981063
2023-10-19,771131219,6981168
2023-10-20,771139704,6981296
2023-10-21,771148887,6982672
2023-10-22,771181108,6983035
2023-10-23,771215506,6983215
2023-10-24,771257845,6984747
2023-10-25,771269238,6984783
2023-10-26,771278772,6984839
2023-10-27,771287213,6984890
2023-10-28,771295629,6984937
2023-10-29,771323409,6985207
2023-10-30,771459208,6986084
2023-10-31,771469393,6987478
2023-11-01,771470413,6987481
2023-11-02,771471429,6987507
2023-11-03,771472133,6987507
2023-11-04,771473396,6987508
2023-11-05,771476426,6987578
2023-11-06,771629962,6988686
2023-11-07,771640983,6990234
2023-11-08,771641805,6990240
2023-11-09,771642693,6990240
2023-11-10,771643427,6990242
2023-11-11,771644545,6990244
2023-11-12,771647103,6990283
2023-11-13,771831729,6991383
2023-11-14,771843739,6992986
2023-11-15,771844604,6992989
2023-11-16,771845552,6992990
2023-11-17,771846379,6992991
2023-11-18,771847631,6992994
2023-11-19,771850471,6993024
2023-11-20,772066955,6994083
2023-11-21,772079315,6995676
2023-11-22,772079392,6995677
2023-11-23,772079619,6995677
2023-11-24,772079753,6995679
2023-11-25,772080613,6995682
2023-11-26,772084590,6995710
2023-11-27,772347637,6997010
2023-11-28,772357753,6998920
2023-11-29,772357891,6998920
2023-11-30,772358133,6998922
2023-12-01,772358304,6998922
2023-12-02,772359098,6998936
2023-12-03,772366282,6998962
2023-12-04,772673070,7000385
2023-12-05,772682848,7002326
2023-12-06,772683223,7002327
2023-12-07,772683443,7002330
2023-12-08,772684059,7002333
2023-12-09,772685034,7002338
2023-12-10,772698910,7002362
2023-12-11,773046731,7003890
2023-12-12,773055852,7005862
2023-12-13,773056114,7005863
2023-12-14,773057141,7005865
2023-12-15,773057859,7005868
2023-12-16,773059188,7005876
2023-12-17,773080623,7005916
2023-12-18,773400594,7007334
2023-12-19,773411030,7009391
2023-12-20,773412141,7009398
2023-12-21,773413386,7009417
2023-12-22,773414511,7009424
2023-12-23,773416204,7009438
2023-12-24,773443359,7009472
2023-12-25,773670595,7010792
2023-12-26,773681800,7013191
2023-12-27,773682679,7013196
2023-12-28,773684071,7013203
2023-12-29,773685319,7013212
2023-12-30,773687027,7013224
2023-12-31,773708956,7013267
2024-01-01,773880848,7014638
2024-01-02,773903386,7017352
2024-01-03,773904409,7017361
2024-01-04,773906043,7017368
2024-01-05,773907374,7017382
2024-01-06,773909229,7017391
2024-01-07,773910539,7017463
2024-01-08,774061248,7018568
2024-01-09,774082123,7021428
2024-01-10,774083056,7021435
2024-01-11,774084607,7021444
2024-01-12,774085733,7021450
2024-01-13,774087189,7021428
2024-01-14,774100487,7021453
2024-01-15,774203957,7022411
2024-01-16,774224746,7024986
2024-01-17,774225281,7024992
2024-01-18,774226364,7024997
2024-01-19,774227196,7025001
2024-01-20,774228519,7025020
2024-01-21,774237687,7025055
2024-01-22,774323775,7025688
2024-01-23,774345951,7028017
2024-01-24,774346309,7028022
2024-01-25,774347124,7028024
2024-01-26,774347753,7028028
2024-01-27,774348966,7028047
2024-01-28,774354020,7028065
2024-01-29,774426523,7028565
2024-01-30,774448531,7030483
2024-01-31,774448816,7030486
2024-02-01,774449650,7030493
2024-02-02,774450374,7030496
2024-02-03,774451432,7030508
2024-02-04,774454694,7030540
2024-02-05,774522235,7030978
2024-02-06,774539415,7032759
2024-02-07,774539610,7032762
2024-02-08,774540379,7032763
2024-02-09,774540430,7032764
2024-02-10,774541267,7032772
2024-02-11,774543652,7032780
2024-02-12,774603515,7033057
2024-02-13,774619126,7034595
2024-02-14,774619287,7034596
2024-02-15,774620190,7034597
2024-02-16,774620406,7034600
2024-02-17,774621138,7034608
2024-02-18,774622488,7034636
2024-02-19,774677389,7034905
2024-02-20,774693728,7036361
2024-02-21,774693929,7036363
2024-02-22,774695498,7036365
2024-02-23,774696861,7036366
2024-02-24,774697587,7036370
2024-02-25,774699137,7036410
2024-02-26,774750439,7036641
2024-02-27,774766428,7038045
2024-02-28,774766656,7038046
2024-02-29,774768230,7038051
2024-03-01,774769058,7038086
2024-03-02,774769747,7038090
2024-03-03,774771117,7038116
2024-03-04,774814336,7038311
2024-03-05,774827299,7039542
2024-03-06,774827570,7039542
2024-03-07,774829124,7039547
2024-03-08,774830590,7039549
2024-03-09,774831302,7039556
2024-03-10,774832094,7039574
2024-03-11,774872194,7039760
2024-03-12,774884801,7040899
2024-03-13,774885033,7040901
2024-03-14,774886724,7040902
2024-03-15,774888527,7040907
2024-03-16,774889276,7040912
2024-03-17,774890100,7040916
2024-03-18,774927821,7041139
2024-03-19,774936594,7042095
2024-03-20,774936834,7042097
2024-03-21,774938286,7042135
2024-03-22,774939314,7042137
2024-03-23,774940167,7042144
2024-03-24,774940909,7042172
2024-03-25,775046956,7042341
2024-03-26,775051653,7043143
2024-03-27,775051758,7043143
2024-03-28,775052857,7043146
2024-03-29,775053509,7043150
2024-03-30,775054381,7043156
2024-03-31,775054969,7043176
2024-04-01,775088680,7043350
2024-04-02,775092312,7044050
2024-04-03,775092439,7044052
2024-04-04,775093277,7044054
2024-04-05,775093771,7044057
2024-04-06,775094689,7044061
2024-04-07,775095383,7044081
2024-04-08,775127219,7044245
2024-04-09,775132365,7044901
2024-04-10,775132455,7044903
2024-04-11,775133245,7044905
2024-04-12,775133908,7044905
2024-04-13,775134931,7044912
2024-04-14,775135306,7044923
2024-04-15,775161823,7045046
2024-04-16,775164077,7045617
2024-04-17,775164192,7045618
2024-04-18,775165105,7045620
2024-04-19,775165641,7045621
2024-04-20,775166781,7045626
2024-04-21,775167699,7045644
2024-04-22,775195823,7045784
2024-04-23,775197981,7046269
2024-04-24,775198139,7046269
2024-04-25,775199089,7046270
2024-04-26,775199624,7046270
2024-04-27,775201456,7046279
2024-04-28,775202509,7046286
2024-04-29,775227119,7046390
2024-04-30,775229318,7046870
2024-05-01,775229467,7046884
2024-05-02,775230536,7046885
2024-05-03,775231138,7046886
2024-05-04,775233036,7046899
2024-05-05,775233991,7046905
2024-05-06,775260868,7047037
2024-05-07,775263077,7047418
2024-05-08,775263208,7047421
2024-05-09,775264282,7047421
2024-05-10,775265057,7047423
2024-05-11,775267048,7047435
2024-05-12,775268330,7047440
2024-05-13,775299457,7047503
2024-05-14,775302076,7047887
2024-05-15,775302195,7047889
2024-05-16,775303091,7047891
2024-05-17,775303597,7047897
2024-05-18,775305620,7047914
2024-05-19,775307082,7047928
2024-05-20,775332753,7048043
2024-05-21,775335214,7048437
2024-05-22,775335359,7048437
2024-05-23,775336027,7048437
2024-05-24,775336407,7048438
2024-05-25,775338282,7048444
2024-05-26,775339780,7048454
2024-05-27,775368450,7048561
2024-05-28,775370659,7048917
2024-05-29,775370778,7048918
2024-05-30,775371197,7048919
2024-05-31,775371515,7048921
2024-06-01,775373458,7048936
2024-06-02,775375361,7048947
2024-06-03,775404804,7049116
2024-06-04,775406503,7049467
2024-06-05,775406595,7049467
2024-06-06,775406960,7049467
2024-06-07,775407252,7049467
2024-06-08,775410061,7049473
2024-06-09,775412221,7049478
2024-06-10,775441773,7049621
2024-06-11,775443596,7050021
2024-06-12,775443628,7050021
2024-06-13,775443885,7050021
2024-06-14,775444132,7050021
2024-06-15,775447031,7050029
2024-06-16,775450011,7050035
2024-06-17,775482078,7050262
2024-06-18,775484097,7050732
2024-06-19,775484109,7050732
2024-06-20,775484369,7050736
2024-06-21,775484565,7050736
2024-06-22,775486407,7050748
2024-06-23,775489320,7050751
2024-06-24,775528439,7050963
2024-06-25,775530709,7051432
2024-06-26,775530737,7051432
2024-06-27,775531142,7051432
2024-06-28,775531404,7051433
2024-06-29,775534686,7051449
2024-06-30,775538574,7051453
2024-07-01,775580962,7051676
2024-07-02,775583678,7052244
2024-07-03,775583700,7052244
2024-07-04,775584115,7052244
2024-07-05,775584465,7052244
2024-07-06,775585860,7052255
2024-07-07,775589654,7052260
2024-07-08,775632185,7052507
2024-07-09,775634885,7053137
2024-07-10,775634919,7053137
2024-07-11,775635498,7053137
2024-07-12,775635866,7053137
2024-07-13,775636896,7053143
2024-07-14,775639811,7053145
2024-07-15,775687189,7053418
2024-07-16,775690741,7054190
2024-07-17,775690750,7054190
2024-07-18,775691819,7054191
2024-07-19,775692298,7054191
2024-07-20,775693368,7054194
2024-07-21,775695436,7054201
2024-07-22,775749790,7054519
2024-07-23,775753138,7055428
2024-07-24,775753190,7055428
2024-07-25,775753892,7055428
2024-07-26,775754506,7055429
2024-07-27,775755434,7055431
2024-07-28,775756996,7055440
2024-07-29,775814661,7055721
2024-07-30,775817583,7056754
2024-07-31,775817592,7056754
2024-08-01,775818373,7056756
2024-08-02,775819039,7056756
2024-08-03,775819605,7056757
2024-08-04,775820767,7056770
2024-08-05,775880600,7057075
2024-08-06,775882625,7058192
2024-08-07,775882626,7058192
2024-08-08,775883405,7058192
2024-08-09,775883990,7058192
2024-08-10,775884601,7058196
2024-08-11,775885938,7058201
2024-08-12,775945155,7058489
2024-08-13,775947030,7059607
2024-08-14,775947033,7059607
2024-08-15,775947629,7059607
2024-08-16,775948144,7059607
2024-08-17,775948582,7059608
2024-08-18,775949686,7059618
2024-08-19,776020925,7059981
2024-08-20,776022463,7061273
2024-08-21,776022464,7061273
2024-08-22,776022919,7061273
2024-08-23,776023388,7061273
2024-08-24,776023649,7061273
2024-08-25,776024763,7061277
2024-08-26,776100732,7061625
2024-08-27,776102026,7063010
2024-08-28,776102027,7063010
2024-08-29,776102437,7063010
2024-08-30,776102440,7063010
2024-08-31,776103468,7063011
2024-09-01,776104418,7063032
2024-09-02,776181852,7063373
2024-09-03,776183047,7064620
2024-09-04,776183050,7064620
2024-09-05,776183353,7064620
2024-09-06,776183354,7064620
2024-09-07,776184031,7064621
2024-09-08,776184748,7064628
2024-09-09,776269023,7064912
2024-09-10,776270199,7066181
2024-09-11,776270200,7066181
2024-09-12,776270431,7066181
2024-09-13,776270690,7066181
2024-09-14,776271004,7066183
2024-09-15,776271653,7066184
2024-09-16,776366619,7066461
2024-09-17,776367645,7067577
2024-09-18,776367647,7067577
2024-09-19,776367817,7067577
2024-09-20,776367818,7067577
2024-09-21,776368057,7067578
2024-09-22,776368539,7067584
2024-09-23,776467061,7067883
2024-09-24,776468402,7068941
2024-09-25,776468406,7068941
2024-09-26,776468553,7068941
2024-09-27,776468693,7068941
2024-09-28,776468982,7068944
2024-09-29,776469677,7068946
2024-09-30,776559487,7069283
2024-10-01,776560732,7070279
2024-10-02,776560738,7070279
2024-10-03,776560845,7070279
2024-10-04,776560934,7070279
2024-10-05,776561219,7070283
2024-10-06,776562056,7070284
2024-10-07,776644896,7070641
2024-10-08,776646221,7071465
2024-10-09,776646222,7071465
2024-10-10,776646290,7071465
2024-10-11,776646291,7071465
2024-10-12,776646645,7071465
2024-10-13,776647514,7071465
2024-10-14,776714652,7071842
2024-10-15,776716203,7072603
2024-10-16,776716213,7072603
2024-10-17,776716266,7072603
2024-10-18,776716319,7072603
2024-10-19,776716723,7072604
2024-10-20,776717640,7072604
2024-10-21,776777312,7072971
2024-10-22,776778801,7073633
2024-10-23,776778841,7073633
2024-10-24,776778852,7073633
2024-10-25,776778903,7073633
2024-10-26,776779403,7073634
2024-10-27,776780308,7073634
2024-10-28,776828823,7073992
2024-10-29,776830371,7074611
2024-10-30,776830374,7074611
2024-10-31,776830421,7074611
2024-11-01,776830499,7074617
2024-11-02,776831057,7074618
2024-11-03,776831855,7074619
2024-11-04,776875889,7074891
2024-11-05,776877580,7075460
2024-11-06,776877588,7075460
2024-11-07,776877614,7075460
2024-11-08,776877639,7075460
2024-11-09,776878214,7075460
2024-11-10,776879279,7075461
2024-11-11,776923451,7075710
2024-11-12,776925195,7076255
2024-11-13,776925205,7076255
2024-11-14,776925239,7076255
2024-11-15,776925262,7076255
2024-11-16,776925775,7076256
2024-11-17,776926944,7076258
2024-11-18,776974373,7076488
2024-11-19,776975663,7076976
2024-11-20,776975675,7076976
2024-11-21,776975706,7076976
2024-11-22,776975712,7076976
2024-11-23,776976235,7076976
2024-11-24,776977487,7076976
2024-11-25,777027129,7077206
2024-11-26,777028267,7077723
2024-11-27,777028276,7077723
2024-11-28,777028309,7077723
2024-11-29,777028333,7077723
2024-11-30,777028857,7077728
2024-12-01,777030237,7077739
2024-12-02,777082046,7077944
2024-12-03,777083324,7078466
2024-12-04,777083362,7078466
2024-12-05,777083366,7078466
2024-12-06,777083416,7078466
2024-12-07,777084003,7078466
2024-12-08,777085630,7078466
2024-12-09,777136411,7078633
2024-12-10,777137724,7079224
2024-12-11,777137752,7079224
2024-12-12,777137795,7079224
2024-12-13,777137825,7079224
2024-12-14,777138565,7079224
2024-12-15,777140296,7079225
2024-12-16,777186215,7079455
2024-12-17,777187210,7080069
2024-12-18,777187260,7080069
2024-12-19,777187267,7080069
2024-12-20,777187326,7080069
2024-12-21,777188196,7080069
2024-12-22,777189680,7080069
2024-12-23,777224672,7080248
2024-12-24,777225390,7080936
2024-12-25,777225425,7080936
2024-12-26,777225427,7080936
2024-12-27,777225459,7080936
2024-12-28,777225464,7080936
2024-12-29,777226435,7080938
2024-12-30,777251149,7081141
2024-12-31,777267596,7082144
2025-01-01,777267600,7082151
2025-01-02,777267665,7082151
2025-01-03,777267706,7082151
2025-01-04,777267710,7082151
2025-01-05,777267712,7082151
2025-01-06,777292977,7082348
2025-01-07,777315697,7083522
2025-01-08,777315702,7083522
2025-01-09,777315760,7083522
2025-01-10,777315800,7083522
2025-01-11,777315807,7083522
2025-01-12,777315808,7083522
2025-01-13,777337130,7083746
2025-01-14,777357435,7084846
2025-01-15,777357436,7084846
2025-01-16,777357437,7084846
2025-01-17,777357438,7084846
2025-01-18,777357439,7084846
2025-01-19,777357440,7084846
2025-01-20,777374890,7084978
2025-01-21,777394792,7086035
2025-01-22,777394793,7086035
2025-01-23,777394794,7086035
2025-01-24,777394795,7086035
2025-01-25,777394827,7086035
2025-01-26,777394828,7086035
2025-01-27,777410962,7086132
2025-01-28,777429592,7087146
2025-01-29,777429594,7087146
2025-01-30,777429599,7087146
2025-01-31,777429604,7087146
2025-02-01,777429605,7087146
2025-02-02,777431490,7087148
2025-02-03,777445629,7087242
2025-02-04,777466625,7088150
2025-02-05,777466626,7088150
2025-02-06,777466627,7088150
2025-02-07,777466628,7088150
2025-02-08,777466629,7088150
2025-02-09,777466630,7088150
2025-02-10,777479666,7088242
2025-02-11,777506538,7089055
2025-02-12,777506539,7089055
2025-02-13,777506540,7089055
2025-02-14,777506541,7089055
2025-02-15,777506542,7089055
2025-02-16,777506555,7089055
2025-02-17,777518652,7089122
2025-02-18,777544224,7089931
2025-02-19,777547891,7089932
2025-02-20,777547894,7089932
2025-02-21,777547896,7089932
2025-02-22,777547897,7089932
2025-02-23,777547898,7089932
2025-02-24,777558868,7090009
2025-02-25,777576125,7090782
2025-02-26,777576127,7090782
2025-02-27,777576128,7090782
2025-02-28,777576129,7090782
2025-03-01,777576130,7090782
2025-03-02,777576131,7090782
2025-03-03,777585742,7090841
2025-03-04,777598214,7091511
2025-03-05,777598216,7091511
2025-03-06,777598216,7091511
2025-03-07,777598218,7091511
2025-03-08,777598220,7091511
2025-03-09,777598220,7091511
2025-03-10,777607419,7091569
2025-03-11,777616916,7092111
2025-03-12,777616917,7092111
2025-03-13,777616918,7092111
2025-03-14,777616919,7092111
2025-03-15,777616921,7092111
2025-03-16,777616922,7092111
2025-03-17,777621766,7092162
2025-03-18,777628445,7092669
2025-03-19,777628446,7092669
2025-03-20,777628447,7092669
2025-03-21,777628448,7092669
2025-03-22,777628449,7092669
2025-03-23,777628450,7092669
2025-03-24,777633117,7092704
2025-03-25,777638319,7093219
2025-03-26,777638321,7093219
2025-03-27,777638322,7093219
2025-03-28,777638322,7093219
2025-03-29,777638323,7093219
2025-03-30,777638324,7093219
2025-03-31,777642845,7093245
2025-04-01,777647282,7093699
2025-04-02,777647282,7093699
2025-04-03,777647282,7093699
2025-04-04,777647285,7093699
2025-04-05,777647288,7093699
2025-04-06,777647289,7093699
2025-04-07,777651538,7093723
2025-04-08,777655365,7094121
2025-04-09,777655366,7094121
2025-04-10,777655367,7094121
2025-04-11,777655368,7094121
2025-04-12,777655371,7094121
2025-04-13,777655372,7094121
2025-04-14,777659222,7094146
2025-04-15,777662042,7094569
2025-04-16,777662043,7094569
2025-04-17,777662044,7094569
2025-04-18,777662045,7094569
2025-04-19,777662046,7094569
2025-04-20,777662048,7094569
2025-04-21,777665633,7094591
2025-04-22,777668936,7094959
2025-04-23,777668937,7094959
2025-04-24,777668943,7094959
2025-04-25,777668946,7094959
2025-04-26,777668947,7094959
2025-04-27,777668947,7094959
2025-04-28,777672673,7094978
2025-04-29,777675765,7095305
2025-04-30,777675765,7095305
2025-05-01,777675773,7095305
2025-05-02,777675773,7095305
2025-05-03,777675777,7095305
2025-05-04,777675778,7095305
2025-05-05,777679377,7095325
2025-05-06,777683159,7095624
2025-05-07,777683166,7095624
2025-05-08,777683166,7095624
2025-05-09,777683167,7095624
2025-05-10,777752399,7095646
2025-05-11,777752399,7095646
2025-05-12,777756442,7095660
2025-05-13,777760363,7095933
2025-05-14,777760363,7095933
2025-05-15,777760364,7095933
2025-05-16,777760364,7095933
2025-05-17,777818978,7095949
2025-05-18,777818982,7095949
2025-05-19,777823492,7095972
2025-05-20,777827645,7096196
2025-05-21,777827647,7096196
2025-05-22,777827652,7096196
2025-05-23,777827656,7096196
2025-05-24,777881274,7096201
2025-05-25,777881280,7096201
2025-05-26,777887195,7096227
2025-05-27,777976821,7096481
2025-05-28,777976821,7096481
2025-05-29,777976821,7096481
2025-05-30,777977350,7096488
2025-05-31,777978038,7096492
2025-06-01,777980823,7096501
2025-06-02,778036532,7096541
2025-06-03,778048116,7096764
2025-06-04,778069497,7096774
2025-06-05,778093258,7096787
2025-06-06,778106478,7096799
2025-06-07,778119727,7096811
2025-06-08,778149177,7096827
2025-06-09,778154950,7096857
2025-06-10,778158938,7097060
2025-06-11,778159125,7097063
2025-06-12,778159340,7097064
2025-06-13,778159716,7097075
2025-06-14,778217672,7097125
2025-06-15,778217851,7097137
2025-06-16,778223658,7097171
2025-06-17,778226788,7097401
2025-06-18,778226856,7097405
2025-06-19,778226948,7097410
2025-06-20,778227005,7097411
2025-06-21,778260864,7097445
2025-06-22,778260990,7097452
2025-06-23,778266689,7097487
2025-06-24,778269477,7097679
2025-06-25,778269511,7097679
2025-06-26,778269540,7097683
2025-06-27,778269560,7097686
2025-06-28,778294086,7097717
2025-06-29,778294121,7097717
2025-06-30,778299674,7097751
2025-07-01,778302763,7097972
2025-07-02,778302803,7097973
2025-07-03,778302819,7097974
2025-07-04,778302841,7097975
2025-07-05,778334297,7097989
2025-07-06,778334318,7097990
2025-07-07,778340320,7098022
2025-07-08,778343692,7098224
2025-07-09,778343772,7098226
2025-07-10,778343813,7098226
2025-07-11,778343833,7098228
2025-07-12,778343899,7098247
2025-07-13,778344021,7098250
2025-07-14,778350505,7098285
2025-07-15,778354296,7098496
2025-07-16,778354327,7098498
2025-07-17,778354354,7098498
2025-07-18,778354368,7098500
2025-07-19,778354416,7098502
2025-07-20,778354428,7098503
2025-07-21,778361407,7098541
2025-07-22,778365746,7098760
2025-07-23,778365771,7098760
2025-07-24,778365797,7098761
2025-07-25,778365810,7098761
2025-07-26,778365851,7098762
2025-07-27,778378376,7098762
2025-07-28,778386268,7098816
2025-07-29,778391261,7099046
2025-07-30,778391273,7099046
2025-07-31,778391298,7099047
2025-08-01,778391321,7099051
2025-08-02,778393594,7099053
2025-08-03,778393646,7099054
2025-08-04,778403419,7099105
2025-08-05,778409786,7099356
2025-08-06,778409786,7099356
2025-08-07,778409798,7099356
2025-08-08,778409803,7099356
2025-08-09,778411759,7099356
2025-08-10,778411788,7099356
2025-08-11,778423438,7099392
2025-08-12,778432354,7099702
2025-08-13,778432362,7099702
2025-08-14,778432368,7099702
2025-08-15,778432375,7099702
2025-08-16,778434310,7099703
2025-08-17,778434314,7099703
2025-08-18,778449938,7099767
2025-08-19,778460526,7100088
2025-08-20,778460531,7100090
2025-08-21,778460539,7100091
2025-08-22,778460553,7100091
2025-08-23,778462475,7100092
2025-08-24,778462477,7100093
2025-08-25,778480982,7100146
2025-08-26,778490520,7100517
2025-08-27,778490527,7100517
2025-08-28,778490529,7100517
2025-08-29,778490536,7100517
2025-08-30,778491854,7100517
2025-08-31,778491858,7100517
2025-09-01,778515194,7100577
2025-09-02,778524548,7100998
2025-09-03,778524550,7100998
2025-09-04,778524553,7100998
2025-09-05,778524553,7100998
2025-09-06,778533258,7101007
2025-09-07,778533276,7101007
2025-09-08,778561301,7101083
2025-09-09,778570510,7101428
2025-09-10,778570514,7101428
2025-09-11,778570518,7101428
2025-09-12,778570519,7101428
2025-09-13,778571932,7101429
2025-09-14,778571934,7101429
2025-09-15,778602837,7101495
2025-09-16,778612151,7101709
2025-09-17,778612152,7101709
2025-09-18,778612153,7101709
2025-09-19,778612153,7101709
2025-09-20,778613239,7101709
2025-09-21,778613240,7101709
2025-09-22,778644421,7101778
2025-09-23,778651895,7101788
2025-09-24,778651895,7101788
2025-09-25,778651895,7101788
2025-09-26,778651895,7101788
2025-09-27,778652552,7101788
2025-09-28,778652552,7101788
2025-09-30,NULL,NULL
2025-10-05,NULL,NULL
2025-10-12,NULL,NULL
2025-10-19,NULL,NULL
2025-10-26,NULL,NULL
2025-10-31,NULL,NULL
2025-11-02,NULL,NULL
2025-11-09,NULL,NULL
2025-11-16,NULL,NULL
2025-11-23,NULL,NULL
2025-11-30,NULL,NULL
2025-12-07,NULL,NULL
2025-12-14,NULL,NULL
2025-12-21,NULL,NULL
2025-12-28,NULL,NULL
2025-12-31,NULL,NULL
